"","date","SW_in_Avg","SW_out_Avg","LW_in_Avg","LW_out_Avg","Rnet_Avg"
"10002",2019-10-23 18:30:00,-1.586438,-0.05746018,353.2721,374.7707,-23.02752
"10003",2019-10-23 19:00:00,-1.799984,0.228781,345.4488,373.877,-30.45694
"10004",2019-10-23 19:30:00,-1.553465,0.4181934,343.4622,373.638,-32.14746
"10005",2019-10-23 20:00:00,-1.543161,0.3469007,345.3726,374.0037,-30.52123
"10006",2019-10-23 20:30:00,-1.891831,0.3564815,339.7685,373.4897,-35.9695
"10007",2019-10-23 21:00:00,-1.749457,0.4820392,341.0054,373.2857,-34.5118
"10008",2019-10-23 21:30:00,-1.871199,0.8129861,336.7112,373.5556,-39.52865
"10009",2019-10-23 22:00:00,-2.236347,1.123702,326.2568,373.3615,-50.46479
"10010",2019-10-23 22:30:00,-2.141425,1.749383,324.3525,373.8717,-53.41004
"10011",2019-10-23 23:00:00,-1.923773,0.8597907,343.5946,375.6812,-34.87016
"10012",2019-10-23 23:30:00,-3.234726,0.3053868,325.282,373.3353,-51.59347
"10013",2019-10-24 00:00:00,-3.480188,0.8140091,312.5135,370.4905,-62.27115
"10014",2019-10-24 00:30:00,-3.271912,1.507821,311.3885,369.4277,-62.81895
"10015",2019-10-24 01:00:00,-4.038319,1.128997,303.3508,368.3149,-70.13145
"10016",2019-10-24 01:30:00,-4.625368,0.7523314,305.2838,363.8962,-63.99017
"10017",2019-10-24 02:00:00,-12.72391,-6.758206,310.4926,363.2537,-58.72681
"10018",2019-10-24 02:30:00,-6.28731,-1.757946,304.3153,370.2132,-70.42719
"10019",2019-10-24 03:00:00,-3.470175,1.506836,299.5674,369.2095,-74.61913
"10020",2019-10-24 03:30:00,-3.762165,1.229112,299.6335,368.5939,-73.95165
"10021",2019-10-24 04:00:00,-3.993212,1.897395,295.1179,366.7971,-77.56982
"10022",2019-10-24 04:30:00,-3.945822,1.565403,295.4164,365.6861,-75.78088
"10023",2019-10-24 05:00:00,-3.697231,1.388761,296.3726,366.0657,-74.77908
"10024",2019-10-24 05:30:00,-4.030483,1.303643,294.1789,364.873,-76.02823
"10025",2019-10-24 06:00:00,-4.019219,1.481408,293.2971,362.7084,-74.91192
"10026",2019-10-24 06:30:00,-3.429141,1.581428,293.9817,363.6741,-74.70295
"10027",2019-10-24 07:00:00,7.323647,3.218261,295.3024,364.3037,-64.8959
"10028",2019-10-24 07:30:00,58.60698,8.242717,288.4445,358.3085,-19.49976
"10029",2019-10-24 08:00:00,136.1101,18.13273,289.1219,361.5611,45.5382
"10030",2019-10-24 08:30:00,224.0502,30.39592,291.6234,368.6468,116.6309
"10031",2019-10-24 09:00:00,317.045,41.62784,295.3185,377.1692,193.5664
"10032",2019-10-24 09:30:00,408.1375,56.06753,299.0155,386.8828,264.2027
"10033",2019-10-24 10:00:00,477.3462,64.01392,304.8546,397.4904,320.6965
"10034",2019-10-24 10:30:00,520.4597,66.31181,311.6583,406.4575,359.3485
"10035",2019-10-24 11:00:00,574.7136,73.06644,315.7551,413.4022,404
"10036",2019-10-24 11:30:00,611.6558,76.67292,319.4118,418.9526,435.442
"10037",2019-10-24 12:00:00,634.1042,78.98904,322.1285,422.3419,454.9018
"10038",2019-10-24 12:30:00,637.8964,79.34126,324.7697,426.7237,456.6011
"10039",2019-10-24 13:00:00,626.3883,76.81351,326.9471,427.9644,448.5575
"10040",2019-10-24 13:30:00,603.9113,73.30334,328.5619,428.3878,430.782
"10041",2019-10-24 14:00:00,562.9503,67.31099,330.6328,428.1908,398.0812
"10042",2019-10-24 14:30:00,510.3493,59.67013,331.8068,425.9847,356.5013
"10043",2019-10-24 15:00:00,445.0606,51.16101,332.8757,423.0557,303.7195
"10044",2019-10-24 15:30:00,368.643,40.9595,333.6395,419.5397,241.7833
"10045",2019-10-24 16:00:00,282.5237,29.40639,332.9031,414.4269,171.5935
"10046",2019-10-24 16:30:00,194.7371,17.70399,335.9694,409.9902,103.0123
"10047",2019-10-24 17:00:00,100.6799,8.10985,331.9055,404.7878,19.68768
"10048",2019-10-24 17:30:00,25.44347,2.898205,330.6892,398.9698,-45.73536
"10049",2019-10-24 18:00:00,-3.329545,1.320063,328.4955,391.6823,-67.83651
"10050",2019-10-24 18:30:00,-3.88965,1.725434,326.1416,386.6601,-66.13357
"10051",2019-10-24 19:00:00,-3.633964,2.067993,324.9271,383.8616,-64.63648
"10052",2019-10-24 19:30:00,-3.643354,1.458494,322.0956,380.8819,-63.88812
"10053",2019-10-24 20:00:00,-3.151559,2.141536,321.3969,378.669,-62.56519
"10054",2019-10-24 20:30:00,-3.034093,1.972439,320.9224,376.6921,-60.77629
"10055",2019-10-24 21:00:00,-4.267694,0.6915559,318.3342,373.7626,-60.38768
"10056",2019-10-24 21:30:00,-2.974506,0.9182084,316.1581,370.9764,-58.71101
"10057",2019-10-24 22:00:00,-2.650731,1.656643,314.5496,369.9672,-59.72496
"10058",2019-10-24 22:30:00,-5.05934,-0.1723876,312.0604,368.0648,-60.8914
"10059",2019-10-24 23:00:00,-14.14593,-10.1588,313.3426,367.7129,-58.35738
"10060",2019-10-24 23:30:00,-16.60815,-11.43572,312.9608,367.368,-59.57967
"10061",2019-10-25 00:00:00,-19.95561,-11.85831,311.9084,366.4882,-62.67712
"10062",2019-10-25 00:30:00,-21.44561,-12.5375,309.4958,364.6469,-64.05924
"10063",2019-10-25 01:00:00,-20.59117,-13.51907,307.5319,363.7087,-63.24889
"10064",2019-10-25 01:30:00,-17.62531,-12.83156,307.1732,362.5057,-60.12622
"10065",2019-10-25 02:00:00,-15.32738,-10.60029,306.6591,362.394,-60.46191
"10066",2019-10-25 02:30:00,-16.85026,-10.50575,304.2327,360.6216,-62.73342
"10067",2019-10-25 03:00:00,-19.37199,-13.24109,302.3163,359.4477,-63.26223
"10068",2019-10-25 03:30:00,-16.04094,-11.08502,301.5652,359.0592,-62.44996
"10069",2019-10-25 04:00:00,-14.5205,-9.767628,300.2845,358.5767,-63.04512
"10070",2019-10-25 04:30:00,-14.62477,-9.73895,300.0531,357.9516,-62.7843
"10071",2019-10-25 05:00:00,-16.95138,-11.9985,298.4332,356.4767,-62.99639
"10072",2019-10-25 05:30:00,-16.96702,-12.47435,297.5378,355.3185,-62.27331
"10073",2019-10-25 06:00:00,-15.02983,-10.07675,296.5325,356.0288,-64.4494
"10074",2019-10-25 06:30:00,-14.59078,-9.361834,294.9247,355.8787,-66.18297
"10075",2019-10-25 07:00:00,-2.124325,-6.904355,306.4995,357.1058,-45.8263
"10076",2019-10-25 07:30:00,46.92934,0.2469351,296.1725,359.867,-17.01213
"10077",2019-10-25 08:00:00,134.2198,12.18767,297.0853,364.8381,54.27938
"10078",2019-10-25 08:30:00,226.9436,28.13544,300.3812,373.5177,125.6716
"10079",2019-10-25 09:00:00,321.2814,45.26509,304.0074,381.3312,198.6924
"10080",2019-10-25 09:30:00,404.3253,55.76776,307.4502,388.3752,267.6325
"10081",2019-10-25 10:00:00,477.7239,64.99523,310.646,396.2942,327.0805
"10082",2019-10-25 10:30:00,539.0504,72.69757,314.2763,404.3503,376.2789
"10083",2019-10-25 11:00:00,587.9626,78.50275,318.4783,413.306,414.6322
"10084",2019-10-25 11:30:00,594.0524,77.59736,321.7149,418.904,419.2659
"10085",2019-10-25 12:00:00,642.7054,84.07058,325.2557,424.7895,459.101
"10086",2019-10-25 12:30:00,638.2321,82.26181,328.5464,429.7505,454.7661
"10087",2019-10-25 13:00:00,634.9717,80.6827,331.3294,433.9526,451.6657
"10088",2019-10-25 13:30:00,611.2505,76.24229,332.9155,435.6091,432.3146
"10089",2019-10-25 14:00:00,570.5403,70.37548,334.8022,436.3345,398.6325
"10090",2019-10-25 14:30:00,517.2079,62.38815,335.8484,435.8924,354.7757
"10091",2019-10-25 15:00:00,450.7383,52.87719,336.5518,433.5013,300.9117
"10092",2019-10-25 15:30:00,368.393,41.941,337.2454,430.5759,233.1215
"10093",2019-10-25 16:00:00,275.9333,29.5636,336.6788,426.1368,156.9116
"10094",2019-10-25 16:30:00,187.8121,18.51883,336.421,421.1467,84.56754
"10095",2019-10-25 17:00:00,102.4339,8.87025,335.0864,415.3858,13.2643
"10096",2019-10-25 17:30:00,24.36462,3.207229,333.451,407.1833,-52.57494
"10097",2019-10-25 18:00:00,-3.032074,1.177334,330.603,398.529,-72.13536
"10098",2019-10-25 18:30:00,-3.491275,2.022012,328.9803,395.1073,-71.64024
"10099",2019-10-25 19:00:00,-4.306203,1.223317,327.0375,392.9133,-71.40532
"10100",2019-10-25 19:30:00,-4.578439,0.8180321,324.2718,387.8194,-68.94407
"10101",2019-10-25 20:00:00,-3.300836,1.849894,322.5415,385.7949,-68.4041
"10102",2019-10-25 20:30:00,-3.412368,1.730829,321.3338,385.3298,-69.1392
"10103",2019-10-25 21:00:00,-3.31346,1.780878,320.7338,384.0539,-68.41448
"10104",2019-10-25 21:30:00,-3.359921,1.790482,320.6512,382.9209,-67.42006
"10105",2019-10-25 22:00:00,-3.335282,1.857562,319.7275,382.0325,-67.49788
"10106",2019-10-25 22:30:00,-3.792164,1.362859,318.1365,379.2197,-66.23817
"10107",2019-10-25 23:00:00,-3.473609,1.711877,317.1501,377.8714,-65.90671
"10108",2019-10-25 23:30:00,-3.516937,1.627832,315.109,377.0255,-67.06128
"10109",2019-10-26 00:00:00,-3.413855,1.512949,314.2823,374.8764,-65.52084
"10110",2019-10-26 00:30:00,-3.150964,1.654506,313.4261,374.0285,-65.40781
"10111",2019-10-26 01:00:00,-3.473868,1.689658,312.2968,372.2646,-65.13136
"10112",2019-10-26 01:30:00,-2.296035,2.719718,312.3452,372.756,-65.42654
"10113",2019-10-26 02:00:00,-2.754032,2.178129,312.1385,374.2542,-67.0479
"10114",2019-10-26 02:30:00,-3.73498,1.326889,309.7236,373.1976,-68.53584
"10115",2019-10-26 03:00:00,-4.325023,1.288596,306.2293,368.8566,-68.24099
"10116",2019-10-26 03:30:00,-2.939833,1.911134,305.5791,369.8569,-69.12886
"10117",2019-10-26 04:00:00,-3.3102,1.53979,305.7872,370.354,-69.41681
"10118",2019-10-26 04:30:00,-3.139011,1.792013,306.2794,369.74,-68.39156
"10119",2019-10-26 05:00:00,-3.544458,1.384464,305.6715,368.1366,-67.39396
"10120",2019-10-26 05:30:00,-3.643478,1.474915,303.2263,365.0802,-66.97227
"10121",2019-10-26 06:00:00,-9.628817,-4.622781,303.4052,364.2735,-65.87434
"10122",2019-10-26 06:30:00,-13.39852,-8.444419,303.5289,364.4212,-65.84647
"10123",2019-10-26 07:00:00,-5.089948,-8.22193,309.6449,363.7183,-50.94137
"10124",2019-10-26 07:30:00,43.49334,-0.9428653,301.7535,364.9969,-18.80728
"10125",2019-10-26 08:00:00,133.3695,18.32993,304.4084,373.595,45.85295
"10126",2019-10-26 08:30:00,225.473,35.05099,307.9633,382.5211,115.8643
"10127",2019-10-26 09:00:00,312.6375,46.14359,311.3444,390.6662,187.1721
"10128",2019-10-26 09:30:00,395.0991,55.85575,313.5515,396.7613,256.0335
"10129",2019-10-26 10:00:00,470.039,65.26909,318.7886,403.9685,319.59
"10130",2019-10-26 10:30:00,530.3733,72.44252,320.3921,411.8173,366.5055
"10131",2019-10-26 11:00:00,576.9376,77.59914,324.0921,419.2256,404.2048
"10132",2019-10-26 11:30:00,610.0388,80.65607,327.807,426.3624,430.8273
"10133",2019-10-26 12:00:00,632.5695,82.74714,331.61,434.0033,447.4291
"10134",2019-10-26 12:30:00,639.2852,82.27235,335.2531,439.7541,452.5118
"10135",2019-10-26 13:00:00,628.3346,79.78484,337.7046,442.8976,443.3567
"10136",2019-10-26 13:30:00,604.852,75.79812,341.349,446.5092,423.8936
"10137",2019-10-26 14:00:00,561.8803,69.08369,344.7276,447.5262,389.998
"10138",2019-10-26 14:30:00,509.9188,61.19952,346.516,447.1334,348.102
"10139",2019-10-26 15:00:00,442.2507,52.1333,348.0389,445.5891,292.5672
"10140",2019-10-26 15:30:00,364.3496,41.21912,349.2245,442.486,229.8689
"10141",2019-10-26 16:00:00,275.3995,28.90954,350.09,437.6953,158.8846
"10142",2019-10-26 16:30:00,174.6169,16.32841,350.1873,431.7037,76.77208
"10143",2019-10-26 17:00:00,91.13573,7.432437,348.5611,424.3783,7.88611
"10144",2019-10-26 17:30:00,16.00545,2.234975,344.9147,414.8901,-56.20498
"10145",2019-10-26 18:00:00,-2.665747,1.715276,341.723,406.8878,-69.54582
"10146",2019-10-26 18:30:00,-3.800092,0.8922649,340.0051,402.2885,-66.97575
"10147",2019-10-26 19:00:00,-4.783268,0.153173,335.6511,396.6447,-65.93004
"10148",2019-10-26 19:30:00,-3.990669,1.18291,331.9767,391.498,-64.69495
"10149",2019-10-26 20:00:00,-4.273291,1.530777,327.4448,387.083,-65.44226
"10150",2019-10-26 20:30:00,-3.052395,2.566924,324.7976,383.8315,-64.65329
"10151",2019-10-26 21:00:00,-3.800139,1.09042,323.0981,382.2778,-64.0703
"10152",2019-10-26 21:30:00,-2.786517,1.770282,322.4447,380.1072,-62.21935
"10153",2019-10-26 22:00:00,-3.262098,2.112934,321.1613,377.1831,-61.39682
"10154",2019-10-26 22:30:00,-3.265268,2.140647,317.4103,373.8613,-61.85687
"10155",2019-10-26 23:00:00,-2.213396,2.575915,315.9205,371.4197,-60.28847
"10156",2019-10-26 23:30:00,-1.556414,1.457693,315.3601,370.2131,-57.86709
"10157",2019-10-27 00:00:00,-2.237305,0.9491621,315.1714,369.3474,-57.36247
"10158",2019-10-27 00:30:00,-3.377167,0.7746683,314.5063,368.035,-57.68051
"10159",2019-10-27 01:00:00,-3.260645,1.963295,312.7273,365.2151,-57.71173
"10160",2019-10-27 01:30:00,-3.211238,1.613239,311.287,363.0692,-56.60665
"10161",2019-10-27 02:00:00,-13.7325,-8.064342,311.7445,362.7025,-56.62619
"10162",2019-10-27 02:30:00,-17.68964,-14.59624,311.5957,363.1707,-54.66845
"10163",2019-10-27 03:00:00,-16.00872,-12.04691,311.5446,363.8859,-56.30303
"10164",2019-10-27 03:30:00,-14.95112,-12.23831,310.8312,363.5425,-55.42406
"10165",2019-10-27 04:00:00,-13.16323,-9.606467,310.9957,364.3539,-56.91492
"10166",2019-10-27 04:30:00,-12.34626,-8.831773,315.5877,364.8539,-52.7807
"10167",2019-10-27 05:00:00,-11.58411,-7.567634,326.6617,367.3741,-44.7289
"10168",2019-10-27 05:30:00,-2.992697,-0.2724365,334.8961,370.6649,-38.48915
"10169",2019-10-27 06:00:00,-2.931711,1.148226,317.3233,368.0204,-54.77707
"10170",2019-10-27 06:30:00,-2.596498,1.815471,312.3426,365.6681,-57.73742
"10171",2019-10-27 07:00:00,10.94836,4.005559,323.9915,368.7575,-37.82323
"10172",2019-10-27 07:30:00,60.9809,10.53424,322.8035,372.0297,1.220515
"10173",2019-10-27 08:00:00,62.38189,8.924926,315.8326,374.3385,-5.049008
"10174",2019-10-27 08:30:00,115.5173,17.16503,311.0643,375.9845,33.43217
"10175",2019-10-27 09:00:00,319.6158,46.30777,316.4001,388.5677,201.1404
"10176",2019-10-27 09:30:00,464.5372,64.27102,341.6026,401.4893,340.3795
"10177",2019-10-27 10:00:00,191.5143,23.61345,350.7757,399.0132,119.6633
"10178",2019-10-27 10:30:00,444.4888,59.8188,346.1688,408.9763,321.8625
"10179",2019-10-27 11:00:00,401.6039,52.55661,335.391,410.3029,274.1354
"10180",2019-10-27 11:30:00,606.6103,79.56505,329.8156,423.7953,433.0655
"10181",2019-10-27 12:00:00,605.2815,77.51091,331.79,428.3533,431.2072
"10182",2019-10-27 12:30:00,640.6302,80.95242,335.0412,435.3229,459.3961
"10183",2019-10-27 13:00:00,611.6904,75.58714,339.0947,439.3246,435.8734
"10184",2019-10-27 13:30:00,571.5758,70.97697,347.755,441.6121,406.7418
"10185",2019-10-27 14:00:00,382.1891,48.1396,361.864,436.711,259.2025
"10186",2019-10-27 14:30:00,388.2975,48.09093,358.429,438.7634,259.8721
"10187",2019-10-27 15:00:00,220.7467,27.88958,365.2977,431.646,126.5088
"10188",2019-10-27 15:30:00,425.8489,49.93861,359.7291,439.8047,295.8347
"10189",2019-10-27 16:00:00,185.1007,20.06463,355.1473,430.8257,89.35771
"10190",2019-10-27 16:30:00,132.2588,15.71246,365.0254,427.3938,54.1779
"10191",2019-10-27 17:00:00,41.7004,5.83737,368.905,420.9464,-16.17834
"10192",2019-10-27 17:30:00,4.401528,1.036794,366.9326,412.5034,-42.20614
"10193",2019-10-27 18:00:00,-2.847415,0.644479,363.6069,407.4515,-47.33654
"10194",2019-10-27 18:30:00,-2.173401,0.7062259,371.5039,405.2807,-36.65644
"10195",2019-10-27 19:00:00,-1.832255,0.6584218,373.6393,403.9639,-32.81525
"10196",2019-10-27 19:30:00,-1.948896,0.4967656,372.1093,402.4915,-32.82786
"10197",2019-10-27 20:00:00,-2.400611,0.2712591,370.0647,401.1389,-33.74609
"10198",2019-10-27 20:30:00,-2.236683,1.257391,362.6803,398.0823,-38.89603
"10199",2019-10-27 21:00:00,-1.927335,1.090382,359.6245,396.75,-40.14333
"10200",2019-10-27 21:30:00,-1.655114,1.354219,364.7305,394.8268,-33.10573
"10201",2019-10-27 22:00:00,-1.370481,1.003156,371.9505,396.166,-26.58916
"10202",2019-10-27 22:30:00,-1.923235,0.2223369,374.1765,395.3071,-23.27615
"10203",2019-10-27 23:00:00,-2.500707,-0.4872122,371.252,392.9251,-23.68659
"10204",2019-10-27 23:30:00,-2.008801,-0.252117,371.6223,391.524,-21.65832
"10205",2019-10-28 00:00:00,-0.5723373,0.9382788,372.8462,391.6422,-20.30664
"10206",2019-10-28 00:30:00,-1.843855,-0.3404282,373.8116,392.1931,-19.88493
"10207",2019-10-28 01:00:00,-2.066619,-0.05532362,370.3193,390.9517,-22.64377
"10208",2019-10-28 01:30:00,-1.398354,0.9425324,366.6205,389.9872,-25.70767
"10209",2019-10-28 02:00:00,-1.028154,1.021271,366.0988,389.6501,-25.60072
"10210",2019-10-28 02:30:00,-3.013345,-0.4840516,356.5921,387.268,-33.20525
"10211",2019-10-28 03:00:00,-3.111183,0.3670096,348.7946,384.3909,-39.07448
"10212",2019-10-28 03:30:00,-6.862854,-2.979741,343.4247,383.7554,-44.21383
"10213",2019-10-28 04:00:00,-3.604208,-0.4553167,344.4258,382.4586,-41.18175
"10214",2019-10-28 04:30:00,-2.555546,1.763894,331.3701,379.5447,-52.49405
"10215",2019-10-28 05:00:00,-1.267481,2.519273,333.6713,378.2025,-48.31795
"10216",2019-10-28 05:30:00,-3.964407,0.2840934,328.4242,376.0763,-51.90058
"10217",2019-10-28 06:00:00,-16.90911,-11.98423,331.2734,375.3885,-49.03997
"10218",2019-10-28 06:30:00,-21.02864,-15.72419,330.3521,375.1423,-50.09468
"10219",2019-10-28 07:00:00,-15.56991,-14.88398,340.8264,375.3711,-35.23067
"10220",2019-10-28 07:30:00,22.66547,-10.17798,343.1849,380.2567,-4.228358
"10221",2019-10-28 08:00:00,117.726,7.808492,340.0297,388.532,61.4152
"10222",2019-10-28 08:30:00,196.2334,27.53343,328.4479,393.245,103.9029
"10223",2019-10-28 09:00:00,283.3921,39.7578,331.6141,402.048,173.2003
"10224",2019-10-28 09:30:00,364.7399,49.484,337.4334,410.2697,242.4196
"10225",2019-10-28 10:00:00,325.5332,41.3775,372.2845,415.2874,241.1527
"10226",2019-10-28 10:30:00,503.5852,66.62944,350.1214,424.8446,362.2326
"10227",2019-10-28 11:00:00,507.7018,65.34588,351.0792,429.9135,363.5216
"10228",2019-10-28 11:30:00,543.1752,69.30238,349.9846,432.4855,391.3719
"10229",2019-10-28 12:00:00,597.959,75.4451,348.8361,436.7609,434.5891
"10230",2019-10-28 12:30:00,601.9354,76.15664,346.5409,437.8366,434.4831
"10231",2019-10-28 13:00:00,539.58,66.85155,350.3732,437.2838,385.8178
"10232",2019-10-28 13:30:00,503.7556,61.98967,352.8939,436.9914,357.6685
"10233",2019-10-28 14:00:00,511.9743,62.23972,348.6701,435.2065,363.1982
"10234",2019-10-28 14:30:00,426.3904,50.46664,349.7027,433.7148,291.9116
"10235",2019-10-28 15:00:00,377.3043,44.91072,349.2253,429.4412,252.1775
"10236",2019-10-28 15:30:00,354.9428,40.15003,350.372,428.4487,236.7162
"10237",2019-10-28 16:00:00,269.4624,29.23297,349.0855,423.3444,165.9705
"10238",2019-10-28 16:30:00,112.3367,11.94766,348.3053,416.4341,32.26021
"10239",2019-10-28 17:00:00,48.02642,6.61009,346.0057,409.8925,-22.47047
"10240",2019-10-28 17:30:00,13.1989,3.05014,346.1936,404.631,-48.28869
"10241",2019-10-28 18:00:00,-3.409733,1.137023,339.5289,398.5772,-63.59504
"10242",2019-10-28 18:30:00,-3.643098,1.539237,334.9412,394.6508,-64.89194
"10243",2019-10-28 19:00:00,-3.412253,1.713757,333.7147,391.7992,-63.21058
"10244",2019-10-28 19:30:00,-3.127736,1.779762,334.5123,390.5218,-60.91699
"10245",2019-10-28 20:00:00,-3.4134,1.14786,337.695,388.6655,-55.53166
"10246",2019-10-28 20:30:00,-2.006748,0.7680573,359.8963,389.4975,-32.376
"10247",2019-10-28 21:00:00,-1.536506,0.623387,366.7941,390.6354,-26.00112
"10248",2019-10-28 21:30:00,-1.704645,0.5691453,367.1891,391.4127,-26.49733
"10249",2019-10-28 22:00:00,-0.5857323,0.4531759,382.5825,393.4281,-11.88448
"10250",2019-10-28 22:30:00,-0.8744764,-0.06701756,384.2665,394.9808,-11.52181
"10251",2019-10-28 23:00:00,-0.9786651,0.1287269,383.3624,395.5067,-13.25174
"10252",2019-10-28 23:30:00,-1.006482,0.07127582,384.3781,396.1992,-12.8989
"10253",2019-10-29 00:00:00,-1.007519,0.06701967,384.3331,396.6452,-13.38659
"10254",2019-10-29 00:30:00,-1.530355,0.1191473,378.0072,396.337,-19.97931
"10255",2019-10-29 01:00:00,-1.812896,-0.08829443,373.9931,395.6725,-23.40399
"10256",2019-10-29 01:30:00,-1.299361,0.4297851,378.3607,395.3762,-18.74461
"10257",2019-10-29 02:00:00,-1.258083,-0.1191423,383.8445,396.7415,-14.03587
"10258",2019-10-29 02:30:00,-2.429541,0.09893177,361.7387,394.2311,-35.02089
"10259",2019-10-29 03:00:00,-2.006726,0.4861495,364.5362,393.0219,-30.97861
"10260",2019-10-29 03:30:00,-3.114278,-1.286128,370.1301,392.9241,-24.62208
"10261",2019-10-29 04:00:00,-12.30581,-9.679707,356.3014,390.7838,-37.10851
"10262",2019-10-29 04:30:00,-12.89966,-11.30829,357.3558,390.1701,-34.40572
"10263",2019-10-29 05:00:00,-13.2193,-10.16573,337.8479,389.344,-54.54965
"10264",2019-10-29 05:30:00,-14.52493,-10.75515,333.1537,387.4781,-58.09422
"10265",2019-10-29 06:00:00,-14.36078,-10.63374,331.4807,387.1069,-59.35317
"10266",2019-10-29 06:30:00,-14.11539,-10.45611,329.2103,385.9949,-60.44392
"10267",2019-10-29 07:00:00,-7.241296,-8.975407,345.4846,387.9396,-40.72096
"10268",2019-10-29 07:30:00,28.16682,-3.959545,331.5325,389.4589,-25.80005
"10269",2019-10-29 08:00:00,105.9777,5.613669,328.0256,390.9819,37.40772
"10270",2019-10-29 08:30:00,202.2285,25.69488,328.695,398.916,106.3127
"10271",2019-10-29 09:00:00,296.1133,41.21426,331.7997,408.3648,178.3339
"10272",2019-10-29 09:30:00,369.3052,50.00892,333.6207,415.5764,237.3406
"10273",2019-10-29 10:00:00,454.0638,59.63166,335.843,422.7477,307.5275
"10274",2019-10-29 10:30:00,521.6454,68.81361,338.1981,429.0765,361.9535
"10275",2019-10-29 11:00:00,570.7675,74.55135,340.101,435.0821,401.235
"10276",2019-10-29 11:30:00,606.346,77.86447,341.6272,439.8949,430.2138
"10277",2019-10-29 12:00:00,615.6528,78.9306,341.9219,442.8427,435.8014
"10278",2019-10-29 12:30:00,619.7665,78.45088,348.8142,445.6105,444.5192
"10279",2019-10-29 13:00:00,554.7816,68.13905,353.259,446.4164,393.4851
"10280",2019-10-29 13:30:00,483.5265,58.73903,347.7429,441.2131,331.3173
"10281",2019-10-29 14:00:00,562.2323,67.12603,347.0669,446.3577,395.8154
"10282",2019-10-29 14:30:00,497.9551,57.82318,347.9279,444.9602,343.0996
"10283",2019-10-29 15:00:00,431.9351,49.22835,349.449,440.5856,291.5701
"10284",2019-10-29 15:30:00,207.2009,21.3859,349.5706,430.7047,104.6809
"10285",2019-10-29 16:00:00,189.2089,20.55002,348.2215,425.2504,91.62996
"10286",2019-10-29 16:30:00,151.2252,15.57805,348.6228,423.0681,61.20186
"10287",2019-10-29 17:00:00,52.94192,6.31523,347.4316,417.3086,-23.25028
"10288",2019-10-29 17:30:00,9.156157,2.058835,344.0952,411.0726,-59.88009
"10289",2019-10-29 18:00:00,-3.392945,1.369854,345.1351,406.6579,-66.28554
"10290",2019-10-29 18:30:00,-3.811852,1.48272,343.9451,403.6526,-65.00202
"10291",2019-10-29 19:00:00,-3.133682,1.707291,343.4157,401.4875,-62.91269
"10292",2019-10-29 19:30:00,-3.198788,1.611629,343.4325,400.5487,-61.92661
"10293",2019-10-29 20:00:00,-3.147174,1.543518,347.0997,398.5687,-56.15967
"10294",2019-10-29 20:30:00,-2.845155,1.30636,350.5168,397.7129,-51.34761
"10295",2019-10-29 21:00:00,-3.107058,0.7701878,352.1543,396.5462,-48.26913
"10296",2019-10-29 21:30:00,-3.373113,1.395703,343.3706,392.8574,-54.25564
"10297",2019-10-29 22:00:00,-2.564639,2.087162,336.3754,390.4033,-58.67969
"10298",2019-10-29 22:30:00,-3.12043,1.949922,335.7196,387.8973,-57.24804
"10299",2019-10-29 23:00:00,-2.915214,1.462702,334.7764,385.6785,-55.28001
"10300",2019-10-29 23:30:00,-0.7043247,2.614825,346.4278,386.8921,-43.78341
"10301",2019-10-30 00:00:00,-1.311747,1.596815,358.9925,388.4606,-32.37667
"10302",2019-10-30 00:30:00,-2.766783,-0.6021104,362.9928,388.145,-27.31693
"10303",2019-10-30 01:00:00,-11.7293,-8.26586,361.6889,386.0214,-27.79592
"10304",2019-10-30 01:30:00,-18.39517,-13.78065,362.8011,386.9063,-28.7197
"10305",2019-10-30 02:00:00,-18.57417,-14.40691,357.9231,386.5819,-32.82611
"10306",2019-10-30 02:30:00,-17.27271,-13.11434,353.9688,386.4913,-36.68087
"10307",2019-10-30 03:00:00,-12.79517,-8.781521,360.2627,384.5548,-28.30575
"10308",2019-10-30 03:30:00,-19.87984,-16.88992,358.731,385.1274,-29.38639
"10309",2019-10-30 04:00:00,-19.26844,-16.69,371.5112,388.3647,-19.43185
"10310",2019-10-30 04:30:00,-18.1216,-15.3006,365.8982,386.6844,-23.6072
"10311",2019-10-30 05:00:00,-20.82136,-20.48664,358.7501,385.8324,-27.41709
"10312",2019-10-30 05:30:00,-18.40913,-15.28236,345.3432,382.4123,-40.19584
"10313",2019-10-30 06:00:00,-18.67232,-12.77836,330.7771,378.3646,-53.48142
"10314",2019-10-30 06:30:00,-18.53788,-12.02561,328.4431,375.8831,-53.95226
"10315",2019-10-30 07:00:00,-13.30877,-11.38557,327.6555,375.2352,-49.50301
"10316",2019-10-30 07:30:00,35.46066,-3.964157,335.4431,377.9812,-3.113329
"10317",2019-10-30 08:00:00,56.43958,-2.894912,346.4356,383.7503,22.01978
"10318",2019-10-30 08:30:00,116.9645,1.739354,345.2986,388.5465,71.97723
"10319",2019-10-30 09:00:00,150.4243,7.208669,361.4239,396.2152,108.4243
"10320",2019-10-30 09:30:00,233.2115,26.52367,355.6418,402.3202,160.0094
"10321",2019-10-30 10:00:00,402.3449,52.62144,344.1373,411.1172,282.7436
"10322",2019-10-30 10:30:00,453.542,57.8787,348.6824,421.8382,322.5075
"10323",2019-10-30 11:00:00,475.1391,60.93904,368.6262,430.4114,352.4149
"10324",2019-10-30 11:30:00,426.6025,53.41751,385.3676,434.0992,324.4534
"10325",2019-10-30 12:00:00,356.5897,43.63415,396.1855,436.4847,272.6565
"10326",2019-10-30 12:30:00,213.8383,24.24121,400.0948,431.6975,157.9944
"10327",2019-10-30 13:00:00,134.0281,14.70072,399.9718,425.7647,93.53451
"10328",2019-10-30 13:30:00,74.01432,7.509458,400.7634,420.6664,46.60176
"10329",2019-10-30 14:00:00,80.65755,9.185187,397.8377,417.3159,51.99423
"10330",2019-10-30 14:30:00,161.8792,20.27781,398.1736,423.4042,116.3708
"10331",2019-10-30 15:00:00,145.6651,17.64688,400.5356,425.1757,103.3782
"10332",2019-10-30 15:30:00,124.5843,15.41098,397.4573,423.9152,82.71536
"10333",2019-10-30 16:00:00,105.199,13.93501,390.7764,422.087,59.95341
"10334",2019-10-30 16:30:00,38.72984,6.575589,399.33,417.5806,13.90373
"10335",2019-10-30 17:00:00,17.12291,3.054402,396.6186,414.3036,-3.616484
"10336",2019-10-30 17:30:00,3.237281,0.6455746,396.3199,411.4532,-12.54154
"10337",2019-10-30 18:00:00,-6.43559,0.9785026,399.1497,407.7516,-16.01608
"10338",2019-10-30 18:30:00,-11.51516,-5.440636,399.8067,404.1504,-10.41815
"10339",2019-10-30 19:00:00,-20.35353,-12.91025,388.2397,405.3896,-24.59318
"10340",2019-10-30 19:30:00,-17.15988,-14.6586,392.0889,404.892,-15.30432
"10341",2019-10-30 20:00:00,-14.97582,-13.86288,394.0371,403.7195,-10.79527
"10342",2019-10-30 20:30:00,-15.26238,-14.734,396.9016,404.041,-7.667783
"10343",2019-10-30 21:00:00,-14.95753,-14.31098,378.2923,402.1481,-24.50229
"10344",2019-10-30 21:30:00,-13.2571,-12.96959,389.8885,402.0562,-12.45517
"10345",2019-10-30 22:00:00,-15.16354,-13.07893,368.618,400.2585,-33.72504
"10346",2019-10-30 22:30:00,-15.47592,-14.26815,399.2075,403.3934,-5.393708
"10347",2019-10-30 23:00:00,-14.72957,-15.02044,402.2505,404.7047,-2.163325
"10348",2019-10-30 23:30:00,-13.3991,-13.17352,380.2015,402.8626,-22.88665
"10349",2019-10-31 00:00:00,-12.54842,-10.67799,360.7237,400.5013,-41.64804
"10350",2019-10-31 00:30:00,-12.15353,-9.821708,355.4118,399.6145,-46.53454
"10351",2019-10-31 01:00:00,-13.14457,-10.20897,349.8794,398.9861,-52.04234
"10352",2019-10-31 01:30:00,-12.93605,-10.0971,347.6912,398.5778,-53.72556
"10353",2019-10-31 02:00:00,-12.42073,-9.485651,347.1039,397.9842,-53.81539
"10354",2019-10-31 02:30:00,-13.60447,-10.26534,340.7649,396.3726,-58.9468
"10355",2019-10-31 03:00:00,-12.92061,-9.812038,340.2509,395.2017,-58.05934
"10356",2019-10-31 03:30:00,-12.12786,-8.798447,340.3736,395.1914,-58.14721
"10357",2019-10-31 04:00:00,-11.21213,-8.463338,346.684,395.7857,-51.85051
"10358",2019-10-31 04:30:00,-10.6163,-8.793264,358.676,396.295,-39.44202
"10359",2019-10-31 05:00:00,-10.51918,-8.814387,360.9688,396.7627,-37.49868
"10360",2019-10-31 05:30:00,-10.71205,-9.162275,367.3566,397.2064,-31.39967
"10361",2019-10-31 06:00:00,-11.13164,-9.599389,364.7919,397.0602,-33.80051
"10362",2019-10-31 06:30:00,-12.69598,-10.21534,358.2539,395.8883,-40.11505
"10363",2019-10-31 07:00:00,-9.493255,-10.10377,358.9326,395.6338,-36.09071
"10364",2019-10-31 07:30:00,13.33034,-5.858232,365.6371,397.4505,-12.62486
"10365",2019-10-31 08:00:00,98.36104,5.354981,365.7159,400.2033,58.51861
"10366",2019-10-31 08:30:00,97.19523,2.323199,381.1818,403.7777,72.27612
"10367",2019-10-31 09:00:00,154.4577,8.466119,361.9246,405.8094,102.1067
"10368",2019-10-31 09:30:00,361.0696,41.70469,364.7579,416.4307,267.6921
"10369",2019-10-31 10:00:00,280.8403,34.17887,350.7018,413.8425,183.5206
"10370",2019-10-31 10:30:00,477.5382,61.49498,350.7386,423.2444,343.5374
"10371",2019-10-31 11:00:00,524.5674,66.84068,353.7234,426.9485,384.5016
"10372",2019-10-31 11:30:00,522.839,66.34296,352.9629,427.93,381.529
"10373",2019-10-31 12:00:00,515.9785,65.24592,355.3301,431.9316,374.131
"10374",2019-10-31 12:30:00,419.5273,52.22,362.4298,430.1065,299.6307
"10375",2019-10-31 13:00:00,353.1439,44.0591,373.9149,429.6816,253.3181
"10376",2019-10-31 13:30:00,319.0829,40.19505,389.1118,430.4216,237.5781
"10377",2019-10-31 14:00:00,480.5639,61.06306,390.1945,439.5867,370.1087
"10378",2019-10-31 14:30:00,408.4854,48.19616,374.8144,439.1093,295.9944
"10379",2019-10-31 15:00:00,332.383,40.04675,381.803,436.4515,237.6879
"10380",2019-10-31 15:30:00,237.6894,27.17517,376.0603,430.9116,155.6629
"10381",2019-10-31 16:00:00,115.8841,11.55878,361.4905,423.3228,42.49308
"10382",2019-10-31 16:30:00,74.87072,7.576225,360.36,420.6126,7.04184
"10383",2019-10-31 17:00:00,27.51575,3.300762,358.8183,416.1407,-33.10743
"10384",2019-10-31 17:30:00,4.272012,1.037943,376.4967,414.1795,-34.44873
"10385",2019-10-31 18:00:00,-2.832055,0.7380937,360.9574,410.0901,-52.70283
"10386",2019-10-31 18:30:00,-2.585846,0.9976758,365.4308,407.9772,-46.12988
"10387",2019-10-31 19:00:00,-1.779655,1.351907,368.6847,409.4804,-43.92728
"10388",2019-10-31 19:30:00,-2.270491,1.049851,365.1172,409.4295,-47.63263
"10389",2019-10-31 20:00:00,-3.217118,0.2903858,360.865,408.318,-50.96053
"10390",2019-10-31 20:30:00,-9.850665,-6.680261,359.0734,407.3086,-51.40561
"10391",2019-10-31 21:00:00,-10.22677,-7.669337,361.1571,407.7522,-49.15254
"10392",2019-10-31 21:30:00,-10.45796,-7.915218,359.8149,406.9757,-49.70351
"10393",2019-10-31 22:00:00,-9.450368,-6.991788,363.6794,407.5731,-46.35222
"10394",2019-10-31 22:30:00,-9.816709,-8.946089,391.037,409.3837,-19.21733
"10395",2019-10-31 23:00:00,-11.9067,-10.18733,376.0527,408.0504,-33.71696
"10396",2019-10-31 23:30:00,-12.46772,-9.969313,361.4617,405.4135,-46.45025
"10397",2019-11-01 00:00:00,-11.40871,-8.831105,354.7986,403.5605,-51.3395
"10398",2019-11-01 00:30:00,-12.43683,-9.191757,352.1956,402.7593,-53.80882
"10399",2019-11-01 01:00:00,-12.01807,-8.61513,349.1237,401.5909,-55.87013
"10400",2019-11-01 01:30:00,-11.4621,-8.351199,347.4546,400.1564,-55.81271
"10401",2019-11-01 02:00:00,-10.34658,-7.146128,350.4928,399.9804,-52.68808
"10402",2019-11-01 02:30:00,-10.69721,-7.736526,359.6448,400.8682,-44.18413
"10403",2019-11-01 03:00:00,-11.83342,-9.280965,369.0754,401.2464,-34.72351
"10404",2019-11-01 03:30:00,-12.19033,-10.97134,371.8122,401.0566,-30.4635
"10405",2019-11-01 04:00:00,-11.55625,-9.242842,351.9633,398.8233,-49.17336
"10406",2019-11-01 04:30:00,-9.41546,-9.393792,393.1783,401.4467,-8.290089
"10407",2019-11-01 05:00:00,-11.43329,-11.59877,396.8336,402.2703,-5.27121
"10408",2019-11-01 05:30:00,-9.84843,-10.10957,398.9477,402.4871,-3.278258
"10409",2019-11-01 06:00:00,-11.57658,-12.03485,401.8363,403.1,-0.8054423
"10410",2019-11-01 06:30:00,-11.23107,-11.69331,401.6294,403.4096,-1.317928
"10411",2019-11-01 07:00:00,-10.56063,-11.45163,402.1859,403.6686,-0.5917684
"10412",2019-11-01 07:30:00,-5.551588,-10.74558,402.8072,404.3159,3.685314
"10413",2019-11-01 08:00:00,6.836409,-8.714972,404.0698,406.0945,13.52667
"10414",2019-11-01 08:30:00,39.83079,-3.700549,404.3444,407.6308,40.24497
"10415",2019-11-01 09:00:00,45.63799,-3.258147,405.1259,409.6855,44.33658
"10416",2019-11-01 09:30:00,92.49277,2.517782,407.0743,413.819,83.23034
"10417",2019-11-01 10:00:00,82.42902,1.128461,407.7031,414.7769,74.22676
"10418",2019-11-01 10:30:00,132.093,7.60159,406.1019,417.9398,112.6535
"10419",2019-11-01 11:00:00,219.3741,19.47939,402.7336,422.2984,180.33
"10420",2019-11-01 11:30:00,307.7476,36.15332,407.1534,429.9196,248.828
"10421",2019-11-01 12:00:00,214.2859,25.56967,410.13,430.2031,168.6432
"10422",2019-11-01 12:30:00,132.2434,15.98394,409.4124,426.6922,98.97962
"10423",2019-11-01 13:00:00,217.8189,27.59731,408.5377,432.2781,166.4812
"10424",2019-11-01 13:30:00,264.5677,33.49062,411.6362,434.1656,208.5476
"10425",2019-11-01 14:00:00,255.9707,32.83984,408.2556,436.018,195.3685
"10426",2019-11-01 14:30:00,174.0841,21.26266,409.6265,433.8309,128.617
"10427",2019-11-01 15:00:00,292.4626,36.21405,387.8327,436.8162,207.2651
"10428",2019-11-01 15:30:00,189.3795,22.96637,383.2654,432.1272,117.5514
"10429",2019-11-01 16:00:00,149.6758,16.45427,375.3266,428.7107,79.83736
"10430",2019-11-01 16:30:00,66.87883,8.654263,404.8359,428.1197,34.94081
"10431",2019-11-01 17:00:00,35.001,4.431999,407.6716,426.2675,11.97306
"10432",2019-11-01 17:30:00,5.161289,0.5816708,381.1066,421.1732,-35.48696
"10433",2019-11-01 18:00:00,-1.823579,0.09570483,389.7637,419.0207,-31.17625
"10434",2019-11-01 18:30:00,-1.81334,-0.2690552,394.2903,418.6701,-25.92416
"10435",2019-11-01 19:00:00,-3.188654,0.2116375,365.0204,413.8115,-52.19129
"10436",2019-11-01 19:30:00,-1.752683,0.1084789,386.9137,414.7609,-29.70837
"10437",2019-11-01 20:00:00,-3.060043,0.008508954,366.5015,410.7752,-47.34226
"10438",2019-11-01 20:30:00,-2.810586,0.4211852,365.5686,408.6237,-46.28691
"10439",2019-11-01 21:00:00,-2.559091,0.5594764,369.2008,406.8639,-40.78164
"10440",2019-11-01 21:30:00,-0.9352098,0.1606126,398.8105,410.3054,-12.5907
"10441",2019-11-01 22:00:00,-1.852852,-0.2212429,386.3724,408.6377,-23.8968
"10442",2019-11-01 22:30:00,-1.943666,-0.1659358,382.306,407.4284,-26.9001
"10443",2019-11-01 23:00:00,-2.427307,0.2467798,367.4903,404.675,-39.85884
"10444",2019-11-01 23:30:00,-1.463176,0.2744371,382.6602,406.1219,-25.19934
"10445",2019-11-02 00:00:00,-0.9878142,-0.1595548,396.8358,407.2317,-11.2241
"10446",2019-11-02 00:30:00,-1.094039,-0.2478458,398.6737,407.9048,-10.07733
"10447",2019-11-02 01:00:00,-5.900159,0.09678756,398.6917,405.601,-12.90627
"10448",2019-11-02 01:30:00,-10.43916,-5.849303,387.0496,404.1349,-21.67518
"10449",2019-11-02 02:00:00,-10.69378,-7.968163,353.4457,401.1247,-50.40467
"10450",2019-11-02 02:30:00,-10.6928,-9.331873,373.7636,401.3867,-28.98405
"10451",2019-11-02 03:00:00,-11.01251,-9.594666,368.7786,401.3008,-33.94005
"10452",2019-11-02 03:30:00,-13.30793,-9.943645,343.8169,398.007,-57.55436
"10453",2019-11-02 04:00:00,-10.96215,-10.65003,389.376,400.8574,-11.79349
"10454",2019-11-02 04:30:00,-10.79916,-10.02981,380.9138,401.2063,-21.06186
"10455",2019-11-02 05:00:00,-10.22075,-8.983163,377.0822,401.3837,-25.53911
"10456",2019-11-02 05:30:00,-12.57259,-8.02882,384.147,401.2509,-21.64771
"10457",2019-11-02 06:00:00,-10.75769,-8.815924,373.8817,400.6097,-28.66983
"10458",2019-11-02 06:30:00,-11.18476,-8.713953,377.3646,400.161,-25.2672
"10459",2019-11-02 07:00:00,-7.047775,-8.327753,389.0301,400.8668,-10.55666
"10460",2019-11-02 07:30:00,13.11489,-6.009936,392.4354,401.9167,9.64359
"10461",2019-11-02 08:00:00,71.80571,1.87421,379.5266,404.7701,44.68813
"10462",2019-11-02 08:30:00,144.9148,19.24696,387.1001,408.9612,103.8067
"10463",2019-11-02 09:00:00,113.8155,13.76178,389.5918,409.1159,80.52962
"10464",2019-11-02 09:30:00,146.4902,18.60484,392.5371,411.0293,109.3932
"10465",2019-11-02 10:00:00,108.691,12.87857,394.9292,411.2291,79.51249
"10466",2019-11-02 10:30:00,250.0393,32.81668,378.4468,413.2586,182.4108
"10467",2019-11-02 11:00:00,324.131,41.35595,388.0637,420.7647,250.074
"10468",2019-11-02 11:30:00,169.2346,21.57936,395.9004,416.2439,127.3118
"10469",2019-11-02 12:00:00,281.1916,35.91267,371.4643,420.8257,195.9176
"10470",2019-11-02 12:30:00,485.8491,62.56338,372.7462,432.1371,363.8949
"10471",2019-11-02 13:00:00,186.557,22.24657,397.0311,414.5626,146.7789
"10472",2019-11-02 13:30:00,537.4628,58.29022,370.347,421.3875,428.1322
"10473",2019-11-02 14:00:00,259.7316,35.5211,381.0058,419.5583,185.6581
"10474",2019-11-02 14:30:00,137.8994,18.52789,395.7923,417.4479,97.71593
"10475",2019-11-02 15:00:00,99.90302,12.3283,397.3111,416.1919,68.69391
"10476",2019-11-02 15:30:00,63.50888,7.871291,393.2336,409.7618,39.1094
"10477",2019-11-02 16:00:00,79.92242,11.44953,373.4443,406.0972,35.81995
"10478",2019-11-02 16:30:00,53.29677,7.457174,358.9458,405.6448,-0.8594822
"10479",2019-11-02 17:00:00,17.08933,2.939975,375.8922,405.3799,-15.33829
"10480",2019-11-02 17:30:00,1.233215,0.5828985,382.8369,405.4133,-21.92608
"10481",2019-11-02 18:00:00,-2.617945,0.4212134,361.3763,402.843,-44.50589
"10482",2019-11-02 18:30:00,-2.611767,0.5126893,359.9874,401.2312,-44.36824
"10483",2019-11-02 19:00:00,-2.121004,0.5148247,365.0736,400.7334,-38.29565
"10484",2019-11-02 19:30:00,-2.058124,0.08296885,370.8547,399.914,-31.20034
"10485",2019-11-02 20:00:00,-2.139582,0.08615871,368.4536,398.9356,-32.70775
"10486",2019-11-02 20:30:00,-2.500511,0.1531754,358.6247,397.4369,-41.46589
"10487",2019-11-02 21:00:00,-2.793337,0.2340148,350.8243,395.3751,-47.57814
"10488",2019-11-02 21:30:00,-2.072531,0.0648852,367.61,395.2468,-29.77428
"10489",2019-11-02 22:00:00,-1.697238,-0.03297592,372.968,395.0067,-23.70299
"10490",2019-11-02 22:30:00,-2.30145,-0.1510441,360.5352,392.9015,-34.51665
"10491",2019-11-02 23:00:00,-1.313614,-0.2159238,379.227,393.2473,-15.118
"10492",2019-11-02 23:30:00,-1.327031,-0.2042266,378.0234,392.8499,-15.94936
"10493",2019-11-03 00:00:00,-1.076496,-0.2957091,382.1575,392.903,-11.52629
"10494",2019-11-03 00:30:00,-1.24046,-0.1350917,377.015,393.0454,-17.13577
"10495",2019-11-03 01:00:00,-1.542535,0.1989087,368.1759,392.5381,-26.10362
"10496",2019-11-03 01:30:00,-1.268257,-0.07764763,372.8663,392.7325,-21.05679
"10497",2019-11-03 02:00:00,-1.396144,0.1489176,370.765,392.633,-23.41308
"10498",2019-11-03 02:30:00,-1.213656,-0.03616938,376.322,393.0789,-17.93449
"10499",2019-11-03 03:00:00,-1.561114,-0.05424819,369.6802,392.8548,-24.68139
"10500",2019-11-03 03:30:00,-1.041439,-0.1521105,380.2266,393.2994,-13.96214
"10501",2019-11-03 04:00:00,-1.107447,-0.1638125,377.3108,393.5417,-17.1745
"10502",2019-11-03 04:30:00,-1.316782,-0.3052914,375.8306,393.5604,-18.74134
"10503",2019-11-03 05:00:00,-1.229125,-0.1031793,376.7659,393.2835,-17.64346
"10504",2019-11-03 05:30:00,-0.968232,-0.2606077,382.5503,394.1143,-12.27161
"10505",2019-11-03 06:00:00,-2.266453,-0.3137987,384.1187,393.815,-11.649
"10506",2019-11-03 06:30:00,-6.622038,-3.242258,379.4641,392.6178,-16.53351
"10507",2019-11-03 07:00:00,-7.326241,-2.435907,377.3062,391.8318,-19.41585
"10508",2019-11-03 07:30:00,10.97666,-1.847684,340.0144,389.8971,-37.05835
"10509",2019-11-03 08:00:00,39.25659,0.0287283,358.1423,391.3711,5.999067
"10510",2019-11-03 08:30:00,44.02241,0.3063531,380.7415,394.1809,30.27671
"10511",2019-11-03 09:00:00,130.0099,15.74066,343.945,393.8614,64.35284
"10512",2019-11-03 09:30:00,141.4578,15.6547,341.0296,396.7635,70.06921
"10513",2019-11-03 10:00:00,232.0352,30.43672,323.3085,398.1141,126.7929
"10514",2019-11-03 10:30:00,515.0163,70.1991,317.7568,407.131,355.4431
"10515",2019-11-03 11:00:00,616.7762,84.58224,331.719,413.3742,450.5388
"10516",2019-11-03 11:30:00,692.2427,94.70026,340.8607,419.0793,519.3239
"10517",2019-11-03 12:00:00,694.848,93.7255,338.0051,421.4785,517.649
"10518",2019-11-03 12:30:00,695.3923,93.68428,336.3386,422.236,515.8107
"10519",2019-11-03 13:00:00,649.1016,85.33142,329.1803,421.0536,471.8968
"10520",2019-11-03 13:30:00,706.2836,93.52037,350.5677,425.0739,538.2568
"10521",2019-11-03 14:00:00,609.3246,79.79636,352.2336,424.1949,457.5669
"10522",2019-11-03 14:30:00,484.9235,60.7721,335.8937,418.7531,341.2921
"10523",2019-11-03 15:00:00,382.1784,47.07619,328.9339,413.4508,250.5853
"10524",2019-11-03 15:30:00,336.4625,40.03194,329.1888,412.2875,213.3319
"10525",2019-11-03 16:00:00,245.7521,26.4424,325.5226,407.1475,137.6847
"10526",2019-11-03 16:30:00,141.2218,13.90118,327.9711,403.0822,52.20953
"10527",2019-11-03 17:00:00,56.03226,5.875226,336.6969,400.3665,-13.51258
"10528",2019-11-03 17:30:00,3.285001,1.115774,356.8472,397.7045,-38.68808
"10529",2019-11-03 18:00:00,-0.8279774,0.4892935,383.162,399.7497,-17.90496
"10530",2019-11-03 18:30:00,-1.201254,0.1340263,385.0294,400.4964,-16.80237
"10531",2019-11-03 19:00:00,-1.264142,0.04573935,385.1482,400.3976,-16.55935
"10532",2019-11-03 19:30:00,-1.282712,-0.05424748,384.9743,400.553,-16.80715
"10533",2019-11-03 20:00:00,-1.452855,-0.3254923,384.2051,400.1838,-17.10607
"10534",2019-11-03 20:30:00,-1.30745,-0.1978461,383.3652,399.062,-16.80634
"10535",2019-11-03 21:00:00,-1.430171,-0.2871992,382.5383,397.937,-16.54171
"10536",2019-11-03 21:30:00,-2.356161,-0.1680651,361.6005,395.4382,-36.0258
"10537",2019-11-03 22:00:00,-1.633312,0.2520987,371.6641,394.7662,-24.9875
"10538",2019-11-03 22:30:00,-1.685877,-0.01807987,371.679,394.7287,-24.71749
"10539",2019-11-03 23:00:00,-1.260074,-0.3776262,382.5125,395.6052,-13.97519
"10540",2019-11-03 23:30:00,-2.818101,-0.160621,354.5983,392.0605,-40.11977
"10541",2019-11-04 00:00:00,-3.245062,0.5414466,343.7681,387.5244,-47.54288
"10542",2019-11-04 00:30:00,-1.247708,0.7286602,367.3068,390.2285,-24.89804
"10543",2019-11-04 01:00:00,-1.138396,0.0021279,378.0223,391.7105,-14.82876
"10544",2019-11-04 01:30:00,-1.05075,-0.2808259,381.5023,392.7026,-11.97015
"10545",2019-11-04 02:00:00,-0.957953,-0.1446697,384.5263,393.4624,-9.749339
"10546",2019-11-04 02:30:00,-5.266937,-1.902937,384.3482,391.3657,-10.38152
"10547",2019-11-04 03:00:00,-9.804044,-7.598105,382.4397,389.228,-8.994159
"10548",2019-11-04 03:30:00,-10.27418,-8.864932,359.0486,388.0827,-30.44341
"10549",2019-11-04 04:00:00,-11.29487,-10.23805,372.5433,388.4038,-16.91729
"10550",2019-11-04 04:30:00,-11.03533,-10.43299,370.5535,388.7953,-18.8441
"10551",2019-11-04 05:00:00,-9.96586,-9.044682,366.6362,388.3795,-22.66459
"10552",2019-11-04 05:30:00,-10.52695,-8.991611,377.7466,389.1817,-12.97034
"10553",2019-11-04 06:00:00,-10.43437,-5.976105,369.301,385.0039,-20.16119
"10554",2019-11-04 06:30:00,-10.11263,-6.552645,381.1109,386.4043,-8.853393
"10555",2019-11-04 07:00:00,-8.270165,-6.298593,383.1308,385.9389,-4.779637
"10556",2019-11-04 07:30:00,4.754814,-5.15505,379.2733,385.6655,3.517647
"10557",2019-11-04 08:00:00,21.50457,-4.580619,367.3777,387.6824,5.780484
"10558",2019-11-04 08:30:00,22.24273,-5.53795,381.1507,389.5091,19.42229
"10559",2019-11-04 09:00:00,88.39169,2.235985,380.6125,392.7376,74.03063
"10560",2019-11-04 09:30:00,223.1904,21.84668,355.6001,395.9887,160.9552
"10561",2019-11-04 10:00:00,332.2767,41.58664,364.4091,405.7778,249.3214
"10562",2019-11-04 10:30:00,184.6128,22.74969,381.9844,403.458,140.3895
"10563",2019-11-04 11:00:00,373.4289,49.19851,366.8648,410.3214,280.7738
"10564",2019-11-04 11:30:00,215.5008,27.34135,386.4629,409.1701,165.4522
"10565",2019-11-04 12:00:00,298.626,39.2171,386.1264,413.046,232.4893
"10566",2019-11-04 12:30:00,192.8026,24.73619,385.2625,408.522,144.8069
"10567",2019-11-04 13:00:00,396.9736,53.81176,377.2644,413.5453,306.8809
"10568",2019-11-04 13:30:00,188.9349,23.56818,384.5945,413.3876,136.5736
"10569",2019-11-04 14:00:00,110.0863,13.85224,390.7875,411.1664,75.85522
"10570",2019-11-04 14:30:00,97.57118,12.64301,391.2694,408.5698,67.62782
"10571",2019-11-04 15:00:00,67.34905,9.314266,388.1719,402.8164,43.39033
"10572",2019-11-04 15:30:00,49.60494,7.680756,388.709,398.4954,32.1377
"10573",2019-11-04 16:00:00,33.73111,1.917826,389.7406,396.6781,24.87583
"10574",2019-11-04 16:30:00,10.81662,-2.342284,388.6535,395.9355,5.876879
"10575",2019-11-04 17:00:00,8.205762,-0.8892624,385.7987,391.4018,3.491976
"10576",2019-11-04 17:30:00,-1.709694,-3.050782,379.0145,388.8236,-8.468057
"10577",2019-11-04 18:00:00,-8.740269,-5.808104,361.3677,387.4568,-29.02126
"10578",2019-11-04 18:30:00,-9.218897,-6.741137,357.656,385.9259,-30.74765
"10579",2019-11-04 19:00:00,-8.737458,-7.646516,364.8881,387.3593,-23.56222
"10580",2019-11-04 19:30:00,-10.04299,-6.533815,324.4853,384.1785,-63.20242
"10581",2019-11-04 20:00:00,-4.968481,-2.993563,348.3654,384.8197,-38.42917
"10582",2019-11-04 20:30:00,-3.221642,0.4468116,325.0055,382.5788,-61.24174
"10583",2019-11-04 21:00:00,-2.57199,0.6670371,337.4278,381.351,-47.16225
"10584",2019-11-04 21:30:00,-2.854662,0.5021547,327.0816,380.4665,-56.74177
"10585",2019-11-04 22:00:00,-3.486849,0.5234325,315.974,376.9001,-64.93639
"10586",2019-11-04 22:30:00,-2.84436,0.6904669,326.7672,375.832,-52.59967
"10587",2019-11-04 23:00:00,-2.050287,0.3170455,347.5251,376.4514,-31.29365
"10588",2019-11-04 23:30:00,-2.214318,0.540482,348.2048,375.8649,-30.41492
"10589",2019-11-05 00:00:00,-2.655766,0.364934,341.3861,374.674,-36.30868
"10590",2019-11-05 00:30:00,-6.236686,-1.668283,315.3543,370.7781,-59.99221
"10591",2019-11-05 01:00:00,-11.14101,-7.298828,317.8729,369.4119,-55.38123
"10592",2019-11-05 01:30:00,-10.872,-7.873495,318.1078,369.4337,-54.32446
"10593",2019-11-05 02:00:00,-9.900406,-7.317016,327.1652,369.6341,-45.05231
"10594",2019-11-05 02:30:00,-4.096766,-0.7543578,318.8937,369.6511,-54.09984
"10595",2019-11-05 03:00:00,-4.042262,0.8714445,296.7897,366.0598,-74.18388
"10596",2019-11-05 03:30:00,-4.167117,1.257709,290.6474,363.6533,-78.4307
"10597",2019-11-05 04:00:00,-4.090944,1.250306,287.4745,362.0392,-79.90592
"10598",2019-11-05 04:30:00,-3.859944,1.407815,288.0456,361.7973,-79.01945
"10599",2019-11-05 05:00:00,-2.951247,1.275895,305.1411,362.7781,-61.86411
"10600",2019-11-05 05:30:00,-4.154014,1.039654,290.5331,361.3805,-76.04101
"10601",2019-11-05 06:00:00,-8.783724,-3.133912,289.1776,358.5832,-75.0554
"10602",2019-11-05 06:30:00,-13.24172,-10.10883,321.6573,361.1534,-42.62897
"10603",2019-11-05 07:00:00,-11.33079,-11.66002,347.3262,365.1478,-17.49236
"10604",2019-11-05 07:30:00,21.37142,-7.22765,340.2715,366.6525,2.218075
"10605",2019-11-05 08:00:00,105.3715,6.302336,322.7891,369.2159,52.6423
"10606",2019-11-05 08:30:00,165.3759,21.25752,339.2272,374.2687,109.0769
"10607",2019-11-05 09:00:00,157.0604,19.69245,351.636,376.7435,112.2605
"10608",2019-11-05 09:30:00,339.9344,47.28321,354.1102,386.0019,260.7594
"10609",2019-11-05 10:00:00,389.8503,52.50336,329.6296,391.3652,275.6114
"10610",2019-11-05 10:30:00,444.0046,60.32537,306.4478,392.1039,298.0232
"10611",2019-11-05 11:00:00,511.9797,69.63543,314.5314,398.5681,358.3076
"10612",2019-11-05 11:30:00,554.9323,73.91424,311.107,402.0179,390.1071
"10613",2019-11-05 12:00:00,454.2932,60.22727,332.1809,404.4574,321.7893
"10614",2019-11-05 12:30:00,366.7409,47.08139,322.8436,400.2621,242.2411
"10615",2019-11-05 13:00:00,477.4793,61.5289,327.884,409.7439,334.0905
"10616",2019-11-05 13:30:00,315.2344,39.8996,335.1545,404.0413,206.448
"10617",2019-11-05 14:00:00,402.1405,50.43795,317.5009,403.4842,265.7192
"10618",2019-11-05 14:30:00,499.9682,63.61937,326.8704,411.0398,352.1794
"10619",2019-11-05 15:00:00,295.489,36.83701,351.6932,408.6039,201.7413
"10620",2019-11-05 15:30:00,254.3267,31.25944,327.0192,403.1663,146.9202
"10621",2019-11-05 16:00:00,157.275,19.44967,339.1652,400.4832,76.50732
"10622",2019-11-05 16:30:00,88.72719,10.53946,348.7992,396.8945,30.09241
"10623",2019-11-05 17:00:00,69.03313,7.928386,330.8786,393.8864,-1.90307
"10624",2019-11-05 17:30:00,8.558804,2.010277,321.0519,388.8613,-61.26093
"10625",2019-11-05 18:00:00,-4.249313,0.9754233,305.599,383.9478,-83.57355
"10626",2019-11-05 18:30:00,-4.374208,1.01907,304.071,380.9427,-82.26502
"10627",2019-11-05 19:00:00,-4.479558,0.9893185,304.4941,378.8939,-79.86872
"10628",2019-11-05 19:30:00,-3.981593,1.53934,306.6376,376.2313,-75.11461
"10629",2019-11-05 20:00:00,-3.750694,1.724487,309.1613,374.4104,-70.72427
"10630",2019-11-05 20:30:00,-3.833281,1.141527,304.9424,372.9209,-72.9533
"10631",2019-11-05 21:00:00,-2.299894,1.568221,323.1396,375.4433,-56.17186
"10632",2019-11-05 21:30:00,-1.597588,0.7043368,348.2682,378.9714,-33.00515
"10633",2019-11-05 22:00:00,-2.934204,0.7053925,326.3867,378.2801,-55.53303
"10634",2019-11-05 22:30:00,-3.834517,0.9288036,306.1399,375.7006,-74.32403
"10635",2019-11-05 23:00:00,-3.775829,1.224603,294.1058,374.6931,-85.58772
"10636",2019-11-05 23:30:00,-4.28025,1.383162,291.9082,373.8866,-87.64191
"10637",2019-11-06 00:00:00,-5.192028,1.115052,291.033,369.1691,-84.44318
"10638",2019-11-06 00:30:00,-4.267966,0.9991012,287.7858,367.2052,-84.68646
"10639",2019-11-06 01:00:00,-3.242873,2.524954,289.2214,369.541,-86.08743
"10640",2019-11-06 01:30:00,-5.777294,0.1808747,288.9151,367.3159,-84.35898
"10641",2019-11-06 02:00:00,-4.436439,1.161977,284.9713,362.1712,-82.7983
"10642",2019-11-06 02:30:00,-4.129148,1.625946,284.1255,361.696,-83.32562
"10643",2019-11-06 03:00:00,-3.631971,2.389981,284.4892,362.4102,-83.94298
"10644",2019-11-06 03:30:00,-4.049885,2.026135,283.9419,361.8103,-83.94444
"10645",2019-11-06 04:00:00,-4.268761,1.679286,283.4526,361.9516,-84.44709
"10646",2019-11-06 04:30:00,-4.330473,1.563228,281.975,359.9727,-83.89135
"10647",2019-11-06 05:00:00,-4.480138,1.689902,281.2017,357.826,-82.79435
"10648",2019-11-06 05:30:00,-4.025301,1.84745,293.9046,356.6671,-68.63531
"10649",2019-11-06 06:00:00,-4.899059,-0.543806,305.6062,353.0449,-51.79392
"10650",2019-11-06 06:30:00,-9.840616,-5.623294,308.4245,350.3806,-46.17348
"10651",2019-11-06 07:00:00,-12.31146,-10.22394,320.7695,352.7741,-34.09212
"10652",2019-11-06 07:30:00,-5.64402,-12.64929,324.4447,354.4637,-23.01373
"10653",2019-11-06 08:00:00,31.41905,-6.402283,305.6721,356.4732,-12.97984
"10654",2019-11-06 08:30:00,91.11637,2.167711,325.0602,363.7037,50.30514
"10655",2019-11-06 09:00:00,106.5198,9.489079,331.1602,369.4266,58.76428
"10656",2019-11-06 09:30:00,194.4123,25.50739,330.334,372.1509,127.0879
"10657",2019-11-06 10:00:00,246.1819,33.35866,336.3928,378.3336,170.8825
"10658",2019-11-06 10:30:00,234.6193,31.47149,343.3227,382.7454,163.7252
"10659",2019-11-06 11:00:00,298.2142,39.64384,346.1006,388.7183,215.9527
"10660",2019-11-06 11:30:00,445.5204,60.42142,345.2219,398.5758,331.7451
"10661",2019-11-06 12:00:00,638.6397,86.5947,348.2272,416.5767,483.6955
"10662",2019-11-06 12:30:00,477.2275,60.2322,331.8286,410.5164,338.3074
"10663",2019-11-06 13:00:00,378.469,45.89825,319.9059,408.426,244.0506
"10664",2019-11-06 13:30:00,279.0945,32.70337,317.66,402.1035,161.9476
"10665",2019-11-06 14:00:00,170.552,19.41312,324.224,396.4302,78.93265
"10666",2019-11-06 14:30:00,348.1645,43.85457,342.2807,404.3129,242.2777
"10667",2019-11-06 15:00:00,146.9245,18.63599,359.1287,398.4612,88.95603
"10668",2019-11-06 15:30:00,91.98166,12.10226,366.2831,395.8503,50.31222
"10669",2019-11-06 16:00:00,82.89948,11.23667,367.0923,395.1178,43.63721
"10670",2019-11-06 16:30:00,99.07407,13.60572,364.7868,396.0356,54.21959
"10671",2019-11-06 17:00:00,32.77764,4.444033,369.129,392.3983,5.064282
"10672",2019-11-06 17:30:00,0.6661116,0.04786663,370.4021,389.2546,-18.2342
"10673",2019-11-06 18:00:00,-1.884914,-0.3052848,370.1435,387.8491,-19.28522
"10674",2019-11-06 18:30:00,-1.731286,-0.08403467,370.2157,387.0136,-18.44516
"10675",2019-11-06 19:00:00,-1.744686,-0.1287089,369.1338,386.2323,-18.7145
"10676",2019-11-06 19:30:00,-3.95347,0.2467914,329.5313,379.6977,-54.36666
"10677",2019-11-06 20:00:00,-2.566619,0.8744148,339.3123,377.3317,-41.46038
"10678",2019-11-06 20:30:00,-2.193361,0.8095334,340.8484,379.9648,-42.1193
"10679",2019-11-06 21:00:00,-1.854105,0.0946765,359.7301,380.2803,-22.499
"10680",2019-11-06 21:30:00,-6.46791,0.01168441,370.7112,378.738,-14.50637
"10681",2019-11-06 22:00:00,-13.42491,-8.222407,373.1519,378.3825,-10.43305
"10682",2019-11-06 22:30:00,-14.20778,-12.44915,372.8769,379.842,-8.723776
"10683",2019-11-06 23:00:00,-15.96284,-14.10861,375.611,380.2885,-6.531734
"10684",2019-11-06 23:30:00,-14.09587,-9.812565,383.603,379.7451,-0.4254564
"10685",2019-11-07 00:00:00,-10.3638,-7.339173,381.9471,379.2328,-0.3103109
"10686",2019-11-07 00:30:00,-11.0355,-7.922407,382.9384,379.5762,0.2491503
"10687",2019-11-07 01:00:00,-10.34362,-7.390557,383.0346,379.619,0.4625536
"10688",2019-11-07 01:30:00,-10.85935,-7.916162,383.9382,379.7044,1.290662
"10689",2019-11-07 02:00:00,-11.54832,-8.25453,385.102,379.9908,1.817398
"10690",2019-11-07 02:30:00,-12.00114,-8.71525,384.4245,380.6613,0.4773349
"10691",2019-11-07 03:00:00,-11.60488,-8.802291,383.2734,381.4684,-0.9975403
"10692",2019-11-07 03:30:00,-12.09668,-8.344756,387.4508,381.8087,1.890217
"10693",2019-11-07 04:00:00,-9.131974,-6.952319,382.5972,381.7629,-1.345339
"10694",2019-11-07 04:30:00,-7.937772,-6.079969,383.4629,382.0336,-0.4284702
"10695",2019-11-07 05:00:00,-9.055676,-6.789559,369.6343,381.8685,-14.50035
"10696",2019-11-07 05:30:00,-9.097067,-5.528977,332.8903,379.1867,-49.86449
"10697",2019-11-07 06:00:00,-8.195769,-3.920416,320.4879,377.6989,-61.48642
"10698",2019-11-07 06:30:00,-8.507489,-4.369514,316.8517,376.7155,-64.00169
"10699",2019-11-07 07:00:00,-6.559273,-3.516242,303.5811,373.7489,-73.21082
