"","SW_in_Avg","SW_out_Avg","SW_in_HQ_Avg","SW_in_SNP1_Avg","SW_diff_Avg"
"10000",-0.210473,-3.394449,5.991602,5.815625,4.614485
"10001",-4.727432,-3.693508,-0.2134044,1.243593,0.8395177
"10002",-1.586438,-0.05746018,-0.4674607,1.345074,0.8524335
"10003",-1.799984,0.228781,-0.6097406,1.286043,0.8542872
"10004",-1.553465,0.4181934,-0.6341349,1.203023,0.8524486
"10005",-1.543161,0.3469007,-0.5853595,1.16429,0.8506146
"10006",-1.891831,0.3564815,-0.6808923,1.260238,0.8524595
"10007",-1.749457,0.4820392,-0.7093381,1.175361,0.8432341
"10008",-1.871199,0.8129861,-0.7296713,1.101553,0.8598386
"10009",-2.236347,1.123702,-1.024379,1.094166,0.8413824
"10010",-2.141425,1.749383,-1.138188,0.9631569,0.86352
"10011",-1.923773,0.8597907,-0.9471331,1.193785,0.8819625
"10012",-3.234726,0.3053868,-1.193027,1.640272,0.9871152
"10013",-3.480188,0.8140091,-1.321057,1.450222,0.9538988
"10014",-3.271912,1.507821,-1.424746,1.249117,0.8634968
"10015",-4.038319,1.128997,-1.654412,1.555421,0.909635
"10016",-4.625368,0.7523314,-1.731692,1.806391,1.042503
"10017",-12.72391,-6.758206,-1.308937,1.114479,0.7989564
"10018",-6.28731,-1.757946,-1.266287,1.350686,1.060988
"10019",-3.470175,1.506836,-1.485809,1.147719,0.8561759
"10020",-3.762165,1.229112,-1.520387,1.415278,0.8967727
"10021",-3.993212,1.897395,-1.77445,1.286122,0.8543396
"10022",-3.945822,1.565403,-1.660651,1.276903,0.826665
"10023",-3.697231,1.388761,-1.522443,1.190177,0.8395819
"10024",-4.030483,1.303643,-1.622061,1.337812,0.854354
"10025",-4.019219,1.481408,-1.68511,1.428235,0.8119167
"10026",-3.429141,1.581428,-1.280604,1.2345,0.8174632
"10027",7.323647,3.218261,8.69604,6.844265,4.568995
"10028",58.60698,8.242717,60.64795,50.80165,24.29917
"10029",136.1101,18.13273,144.6761,131.6045,31.43914
"10030",224.0502,30.39592,232.1116,231.0968,49.56943
"10031",317.045,41.62784,324.599,328.2878,52.27275
"10032",408.1375,56.06753,405.9096,418.312,70.78543
"10033",477.3462,64.01392,473.5147,486.6736,71.46841
"10034",520.4597,66.31181,520.4708,526.348,78.95372
"10035",574.7136,73.06644,576.0234,577.34,81.10706
"10036",611.6558,76.67292,611.6476,602.4124,65.67989
"10037",634.1042,78.98904,633.3111,617.689,61.81779
"10038",637.8964,79.34126,639.7199,623.6879,60.45789
"10039",626.3883,76.81351,630.7377,621.4642,74.10315
"10040",603.9113,73.30334,606.1228,586.7123,70.11331
"10041",562.9503,67.31099,562.1619,547.6564,65.53028
"10042",510.3493,59.67013,505.171,490.8098,65.10103
"10043",445.0606,51.16101,439.6203,420.881,54.73557
"10044",368.643,40.9595,363.4083,350.3374,46.93786
"10045",282.5237,29.40639,276.9842,255.3318,41.64681
"10046",194.7371,17.70399,186.9766,41.67548,30.99071
"10047",100.6799,8.10985,97.83206,44.46344,22.37072
"10048",25.44347,2.898205,25.65891,22.39265,14.32725
"10049",-3.329545,1.320063,-0.7517706,3.421643,2.715173
"10050",-3.88965,1.725434,-1.930248,1.512611,1.04776
"10051",-3.633964,2.067993,-1.794138,1.444388,0.9223425
"10052",-3.643354,1.458494,-1.796225,1.621517,1.02198
"10053",-3.151559,2.141536,-1.702813,1.309798,0.8873422
"10054",-3.034093,1.972439,-1.690674,1.223119,0.8984307
"10055",-4.267694,0.6915559,-1.881761,2.496124,1.774775
"10056",-2.974506,0.9182084,-1.536358,1.544218,0.9261624
"10057",-2.650731,1.656643,-1.461208,1.44463,0.8413172
"10058",-5.05934,-0.1723876,-1.508022,1.448358,0.8653249
"10059",-14.14593,-10.1588,-1.375961,1.300784,0.8155265
"10060",-16.60815,-11.43572,-1.430842,1.24545,0.7952427
"10061",-19.95561,-11.85831,-1.528418,1.4429,0.8100165
"10062",-21.44561,-12.5375,-1.499998,1.404174,0.8044936
"10063",-20.59117,-13.51907,-1.341507,1.217833,0.7694485
"10064",-17.62531,-12.83156,-1.298817,1.121902,0.7916057
"10065",-15.32738,-10.60029,-1.449265,1.206799,0.7565561
"10066",-16.85026,-10.50575,-1.491971,1.620159,0.8063885
"10067",-19.37199,-13.24109,-1.406633,1.241896,0.7824129
"10068",-16.04094,-11.08502,-1.219633,1.264054,0.7639684
"10069",-14.5205,-9.767628,-1.404629,1.230853,0.7602876
"10070",-14.62477,-9.73895,-1.445292,1.162589,0.7621418
"10071",-16.95138,-11.9985,-1.626225,1.474472,0.7898298
"10072",-16.96702,-12.47435,-1.280667,1.264098,0.7566135
"10073",-15.02983,-10.07675,-1.305089,1.134937,0.7307886
"10074",-14.59078,-9.361834,-1.109968,1.328718,0.7455587
"10075",-2.124325,-6.904355,7.863388,5.776299,3.648479
"10076",46.92934,0.2469351,55.71582,40.63166,16.10355
"10077",134.2198,12.18767,143.2984,129.9482,29.47018
"10078",226.9436,28.13544,234.0987,229.6015,37.23475
"10079",321.2814,45.26509,323.5376,327.9879,50.11291
"10080",404.3253,55.76776,398.0501,414.5945,66.70467
"10081",477.7239,64.99523,466.6618,485.3697,69.55371
"10082",539.0504,72.69757,534.7072,542.128,65.80612
"10083",587.9626,78.50275,587.925,588.8378,72.42284
"10084",594.0524,77.59736,593.8333,586.1816,67.76744
"10085",642.7054,84.07058,641.7336,627.3503,65.87834
"10086",638.2321,82.26181,638.5409,628.5552,69.96429
"10087",634.9717,80.6827,635.6915,628.9341,75.05768
"10088",611.2505,76.24229,610.8138,597.175,71.23184
"10089",570.5403,70.37548,567.8392,559.3729,65.39484
"10090",517.2079,62.38815,511.4394,502.3839,65.67072
"10091",450.7383,52.87719,443.8095,431.9659,57.33077
"10092",368.393,41.941,361.6378,352.8084,50.46338
"10093",275.9333,29.5636,269.5156,252.7801,47.25868
"10094",187.8121,18.51883,183.5706,51.24419,35.17212
"10095",102.4339,8.87025,99.02306,48.93098,24.85999
"10096",24.36462,3.207229,24.47305,23.04482,15.22192
"10097",-3.032074,1.177334,-0.99948,3.85834,3.1538
"10098",-3.491275,2.022012,-2.153536,1.451644,1.032937
"10099",-4.306203,1.223317,-2.048071,1.93872,1.252513
"10100",-4.578439,0.8180321,-2.003374,2.220973,1.647284
"10101",-3.300836,1.849894,-1.676266,1.306037,0.9168087
"10102",-3.412368,1.730829,-1.651962,1.304229,0.9131444
"10103",-3.31346,1.780878,-1.611368,1.29319,0.924234
"10104",-3.359921,1.790482,-1.660162,1.357776,0.9187124
"10105",-3.335282,1.857562,-1.629736,1.320889,0.8965812
"10106",-3.792164,1.362859,-1.611452,1.645604,0.9980627
"10107",-3.473609,1.711877,-1.522093,1.289576,0.8837001
"10108",-3.516937,1.627832,-1.528194,1.365247,0.8911004
"10109",-3.413855,1.512949,-1.516025,1.328371,0.8634411
"10110",-3.150964,1.654506,-1.449011,1.26382,0.8560759
"10111",-3.473868,1.689658,-1.497818,1.416983,0.8726987
"10112",-2.296035,2.719718,-1.355596,1.001858,0.8745496
"10113",-2.754032,2.178129,-1.379996,1.077531,0.8690354
"10114",-3.73498,1.326889,-1.548692,1.40227,0.9207007
"10115",-4.325023,1.288596,-1.788533,1.883856,1.040641
"10116",-2.939833,1.911134,-1.286566,1.110764,0.8395314
"10117",-3.3102,1.53979,-1.325204,1.241794,0.8561546
"10118",-3.139011,1.792013,-1.392298,1.199375,0.8487884
"10119",-3.544458,1.384464,-1.548824,1.529679,0.9281404
"10120",-3.643478,1.474915,-1.544755,1.498318,0.8986223
"10121",-9.628817,-4.622781,-1.465517,1.199404,0.815595
"10122",-13.39852,-8.444419,-1.296836,1.374711,0.8285173
"10123",-5.089948,-8.22193,6.882489,6.665082,4.971133
"10124",43.49334,-0.9428653,53.82577,41.37457,17.43039
"10125",133.3695,18.32993,137.088,122.8463,28.11622
"10126",225.473,35.05099,226.9128,222.7707,37.98957
"10127",312.6375,46.14359,315.6793,319.6037,50.61521
"10128",395.0991,55.85575,390.1596,408.4862,68.0509
"10129",470.039,65.26909,457.3295,479.026,72.235
"10130",530.3733,72.44252,523.8733,534.904,71.10644
"10131",576.9376,77.59914,575.4512,577.4872,76.82532
"10132",610.0388,80.65607,608.8421,598.4567,68.48116
"10133",632.5695,82.74714,632.1506,617.3364,62.49726
"10134",639.2852,82.27235,640.6398,627.4399,63.01416
"10135",628.3346,79.78484,629.2217,619.9395,71.98937
"10136",604.852,75.79812,604.2458,589.1318,68.00549
"10137",561.8803,69.08369,560.0508,551.7346,64.97276
"10138",509.9188,61.19952,504.9607,495.801,64.06186
"10139",442.2507,52.1333,436.0101,423.4165,53.76805
"10140",364.3496,41.21912,358.3397,351.502,47.86195
"10141",275.3995,28.90954,269.1779,254.3141,42.39522
"10142",174.6169,16.32841,171.2462,44.64345,32.22931
"10143",91.13573,7.432437,88.35146,46.85083,24.21172
"10144",16.00545,2.234975,17.06517,18.16684,13.35967
"10145",-2.665747,1.715276,-1.543695,2.583652,2.255394
"10146",-3.800092,0.8922649,-2.250746,1.783513,1.320573
"10147",-4.783268,0.153173,-2.312032,2.779742,1.942314
"10148",-3.990669,1.18291,-2.037919,2.180405,1.567973
"10149",-4.273291,1.530777,-2.121259,2.032852,1.488668
"10150",-3.052395,2.566924,-1.716945,1.355862,0.9537159
"10151",-3.800139,1.09042,-1.727156,1.68058,1.016464
"10152",-2.786517,1.770282,-1.534178,1.271071,0.9058005
"10153",-3.262098,2.112934,-1.678528,1.429754,0.924267
"10154",-3.265268,2.140647,-1.885847,1.496218,0.9095386
"10155",-2.213396,2.575915,-1.583132,1.280399,0.8984947
"10156",-1.556414,1.457693,-1.475446,1.225098,0.922514
"10157",-2.237305,0.9491621,-1.467418,1.356134,0.8856393
"10158",-3.377167,0.7746683,-1.632075,1.767642,1.208565
"10159",-3.260645,1.963295,-1.583316,1.61637,0.9225866
"10160",-3.211238,1.613239,-1.430921,1.535216,0.8321908
"10161",-13.7325,-8.064342,-1.306976,1.361792,0.7989916
"10162",-17.68964,-14.59624,-1.233801,1.225256,0.811917
"10163",-16.00872,-12.04691,-1.197256,1.020442,0.802699
"10164",-14.95112,-12.23831,-1.28871,1.407958,0.8838947
"10165",-13.16323,-9.606467,-1.201296,1.16438,0.8082382
"10166",-12.34626,-8.831773,-1.081375,1.133007,0.8008553
"10167",-11.58411,-7.567634,-0.8964188,0.9097288,0.8100829
"10168",-2.992697,-0.2724365,-0.7419224,1.04258,0.8340653
"10169",-2.931711,1.148226,-1.239875,1.498342,0.8414335
"10170",-2.596498,1.815471,-1.187047,1.265831,0.826665
"10171",10.94836,4.005559,11.82795,12.66019,10.99763
"10172",60.9809,10.53424,58.91722,54.5286,38.56545
"10173",62.38189,8.924926,63.07801,60.54667,45.71492
"10174",115.5173,17.16503,116.1521,104.0256,28.57584
"10175",319.6158,46.30777,319.8225,320.5223,64.21468
"10176",464.5372,64.27102,458.599,483.8439,209.8367
"10177",191.5143,23.61345,191.9611,202.5425,190.1508
"10178",444.4888,59.8188,438.4266,453.9352,282.0976
"10179",401.6039,52.55661,400.2425,405.7784,216.7263
"10180",606.6103,79.56505,597.7226,584.9807,87.5642
"10181",605.2815,77.51091,597.2932,581.8641,86.87708
"10182",640.6302,80.95242,630.6313,615.7483,74.67719
"10183",611.6904,75.58714,599.7416,592.7148,105.431
"10184",571.5758,70.97697,560.6417,573.376,225.9277
"10185",382.1891,48.1396,379.0761,385.1282,267.3671
"10186",388.2975,48.09093,384.6766,392.1756,225.4651
"10187",220.7467,27.88958,221.5415,216.619,172.6032
"10188",425.8489,49.93861,410.244,403.929,155.5418
"10189",185.1007,20.06463,181.203,175.7461,98.75298
"10190",132.2588,15.71246,130.7562,98.99821,90.88853
"10191",41.7004,5.83737,44.4826,49.12509,47.00999
"10192",4.401528,1.036794,6.292304,9.20955,8.519844
"10193",-2.847415,0.644479,-1.143638,2.034229,1.477257
"10194",-2.173401,0.7062259,-1.281885,1.351964,1.043944
"10195",-1.832255,0.6584218,-1.143824,1.226619,1.025567
"10196",-1.948896,0.4967656,-1.156083,1.361339,1.036683
"10197",-2.400611,0.2712591,-1.097193,1.579027,1.10495
"10198",-2.236683,1.257391,-1.178483,1.339241,1.012732
"10199",-1.927335,1.090382,-1.137854,1.256235,0.985065
"10200",-1.655114,1.354219,-1.095197,1.261771,0.9703098
"10201",-1.370481,1.003156,-0.8310402,1.210125,0.9979846
"10202",-1.923235,0.2223369,-0.8920077,1.2544,0.9703153
"10203",-2.500707,-0.4872122,-0.8980988,1.689744,1.088372
"10204",-2.008801,-0.252117,-0.7416369,1.324495,0.9481763
"10205",-0.5723373,0.9382788,-0.4510862,0.9260494,0.9297383
"10206",-1.843855,-0.3404282,-0.7071102,1.350319,1.044099
"10207",-2.066619,-0.05532362,-0.7030552,1.352181,0.9352733
"10208",-1.398354,0.9425324,-0.7152372,1.112351,0.9297262
"10209",-1.028154,1.021271,-0.6136503,1.077309,0.9500236
"10210",-3.013345,-0.4840516,-1.087108,1.970171,1.394616
"10211",-3.111183,0.3670096,-1.145987,1.558784,0.942649
"10212",-6.862854,-2.979741,-0.9631304,1.0644,0.9168227
"10213",-3.604208,-0.4553167,-1.141956,1.344812,0.9555718
"10214",-2.555546,1.763894,-1.398041,1.350361,0.9334464
"10215",-1.267481,2.519273,-1.142022,1.147465,0.9279338
"10216",-3.964407,0.2840934,-1.408256,1.448185,0.9058074
"10217",-16.90911,-11.98423,-1.489576,1.647465,0.9667091
"10218",-21.02864,-15.72419,-1.371732,1.427959,0.8855562
"10219",-15.56991,-14.88398,2.759773,2.927913,2.020205
"10220",22.66547,-10.17798,43.87955,36.36744,25.16682
"10221",117.726,7.808492,129.3659,118.6637,53.41435
"10222",196.2334,27.53343,200.0833,194.3418,52.06348
"10223",283.3921,39.7578,286.2606,288.8607,73.37318
"10224",364.7399,49.484,360.3475,378.923,117.9074
"10225",325.5332,41.3775,323.7886,341.9944,278.0992
"10226",503.5852,66.62944,497.8303,518.6414,211.8104
"10227",507.7018,65.34588,504.8984,510.9138,198.7276
"10228",543.1752,69.30238,538.6832,534.4951,191.4678
"10229",597.959,75.4451,593.7928,581.9673,165.1891
"10230",601.9354,76.15664,598.0665,581.3441,167.0115
"10231",539.58,66.85155,536.2545,543.6079,253.2604
"10232",503.7556,61.98967,500.5888,505.5269,289.3241
"10233",511.9743,62.23972,504.6921,500.6265,223.1864
"10234",426.3904,50.46664,419.0108,418.0175,178.1628
"10235",377.3043,44.91072,369.3793,364.3455,151.052
"10236",354.9428,40.15003,343.0039,336.5739,130.9966
"10237",269.4624,29.23297,259.1335,243.9605,107.4238
"10238",112.3367,11.94766,111.7791,86.23589,79.30223
"10239",48.02642,6.61009,49.25494,47.60513,43.72869
"10240",13.1989,3.05014,15.12319,18.72328,17.49498
"10241",-3.409733,1.137023,-1.21897,2.250226,1.602823
"10242",-3.643098,1.539237,-1.682318,1.431409,1.005306
"10243",-3.412253,1.713757,-1.635653,1.374261,0.9592158
"10244",-3.127736,1.779762,-1.46502,1.287599,0.940796
"10245",-3.4134,1.14786,-1.489408,1.368772,0.9039059
"10246",-2.006748,0.7680573,-0.9306048,1.141864,0.9297246
"10247",-1.536506,0.623387,-0.6949044,1.171381,0.8946778
"10248",-1.704645,0.5691453,-0.6461584,1.099445,0.9444907
"10249",-0.5857323,0.4531759,-0.3068158,0.9537059,0.9334139
"10250",-0.8744764,-0.06701756,-0.2905621,1.2009,0.9444873
"10251",-0.9786651,0.1287269,-0.3555959,1.104975,0.9371065
"10252",-1.006482,0.07127582,-0.3433949,1.143704,0.9537017
"10253",-1.007519,0.06701967,-0.3637152,1.173222,0.9592383
"10254",-1.530355,0.1191473,-0.5161102,1.19351,0.9444775
"10255",-1.812896,-0.08829443,-0.5628395,1.20272,0.9407777
"10256",-1.299361,0.4297851,-0.5486223,1.060681,0.9481555
"10257",-1.258083,-0.1191423,-0.4104414,1.156603,0.9481571
"10258",-2.429541,0.09893177,-0.8371373,1.442525,0.961068
"10259",-2.006726,0.4861495,-0.9245002,1.162139,0.93709
"10260",-3.114278,-1.286128,-0.6441111,1.322635,0.9407866
"10261",-12.30581,-9.679707,-0.9793956,1.531079,0.9223365
"10262",-12.89966,-11.30829,-0.8595021,1.169513,0.9297072
"10263",-13.2193,-10.16573,-1.225244,1.228562,0.9334117
"10264",-14.52493,-10.75515,-1.436571,1.202734,0.9168082
"10265",-14.36078,-10.63374,-1.40201,1.224862,0.9315593
"10266",-14.11539,-10.45611,-1.316675,1.276522,0.900206
"10267",-7.241296,-8.975407,3.864768,3.032681,2.154605
"10268",28.16682,-3.959545,38.35958,28.64799,14.72246
"10269",105.9777,5.613669,119.5775,106.5912,32.84639
"10270",202.2285,25.69488,209.0793,200.2354,42.76094
"10271",296.1133,41.21426,300.004,300.0368,56.4756
"10272",369.3052,50.00892,366.7093,378.2529,70.5223
"10273",454.0638,59.63166,444.5369,462.3016,76.76999
"10274",521.6454,68.81361,514.2872,522.1529,75.60638
"10275",570.7675,74.55135,565.7247,561.9674,73.0262
"10276",606.346,77.86447,600.9475,585.3644,73.33073
"10277",615.6528,78.9306,610.4393,589.6476,76.27209
"10278",619.7665,78.45088,616.9703,596.0297,93.74478
"10279",554.7816,68.13905,542.1351,547.136,122.6934
"10280",483.5265,58.73903,472.524,461.7047,89.7184
"10281",562.2323,67.12603,550.5283,536.0222,71.25982
"10282",497.9551,57.82318,484.1867,468.603,70.84963
"10283",431.9351,49.22835,416.5894,401.9713,67.62176
"10284",207.2009,21.3859,201.3263,193.8421,66.81339
"10285",189.2089,20.55002,180.6305,155.5273,57.18337
"10286",151.2252,15.57805,145.3353,66.54562,59.73955
"10287",52.94192,6.31523,53.56242,45.25072,42.14341
"10288",9.156157,2.058835,11.60838,15.46916,14.69643
"10289",-3.392945,1.369854,-1.466689,1.549254,1.250471
"10290",-3.811852,1.48272,-1.812185,1.518018,1.02554
"10291",-3.133682,1.707291,-1.625417,1.278301,1.010836
"10292",-3.198788,1.611629,-1.550311,1.280193,1.009028
"10293",-3.147174,1.543518,-1.515744,1.291266,0.9868965
"10294",-2.845155,1.30636,-1.361382,1.307872,0.9684524
"10295",-3.107058,0.7701878,-1.359336,1.41303,0.9869076
"10296",-3.373113,1.395703,-1.556431,1.46283,1.136322
"10297",-2.564639,2.087162,-1.49344,1.202735,0.9905936
"10298",-3.12043,1.949922,-1.603146,1.407474,0.9426201
"10299",-2.915214,1.462702,-1.53406,1.35768,0.9647645
"10300",-0.7043247,2.614825,-1.066748,0.8670025,0.9112753
"10301",-1.311747,1.596815,-0.9611166,1.07547,0.9242029
"10302",-2.766783,-0.6021104,-1.04034,2.119589,1.584618
"10303",-11.7293,-8.26586,-0.8595045,1.540336,1.03304
"10304",-18.39517,-13.78065,-0.7335266,1.342931,0.9038949
"10305",-18.57417,-14.40691,-0.7660185,1.291264,0.9057294
"10306",-17.27271,-13.11434,-0.8838635,1.19349,0.8928118
"10307",-12.79517,-8.781521,-0.6623857,1.151074,0.8854414
"10308",-19.87984,-16.88992,-0.6949078,1.224872,0.8946736
"10309",-19.26844,-16.69,-0.4023182,1.128948,0.9186535
"10310",-18.1216,-15.3006,-0.6116002,1.320787,0.8983566
"10311",-20.82136,-20.48664,-0.7639923,1.558748,0.9241807
"10312",-18.40913,-15.28236,-0.9631085,1.488641,0.8633007
"10313",-18.67232,-12.77836,-1.294321,1.710013,0.9075797
"10314",-18.53788,-12.02561,-1.139935,1.486851,0.861488
"10315",-13.30877,-11.38557,4.590431,5.539902,4.495752
"10316",35.46066,-3.964157,49.96823,46.05392,35.29496
"10317",56.43958,-2.894912,74.40795,73.54467,62.53835
"10318",116.9645,1.739354,132.8306,130.3156,118.2322
"10319",150.4243,7.208669,165.4047,163.778,152.3257
"10320",233.2115,26.52367,237.5797,237.0038,197.8283
"10321",402.3449,52.62144,397.304,399.9066,180.5537
"10322",453.542,57.8787,451.7473,462.8162,230.6357
"10323",475.1391,60.93904,477.8238,490.0009,336.5039
"10324",426.6025,53.41751,428.257,428.88,355.8383
"10325",356.5897,43.63415,357.7722,359.1602,343.5513
"10326",213.8383,24.24121,215.0383,211.5038,208.2527
"10327",134.0281,14.70072,134.9537,123.1422,121.536
"10328",74.01432,7.509458,75.62669,71.32478,70.07262
"10329",80.65755,9.185187,81.93107,73.53942,72.79436
"10330",161.8792,20.27781,162.4782,153.7557,150.8952
"10331",145.6651,17.64688,147.3483,145.4509,143.9717
"10332",124.5843,15.41098,126.7186,125.0877,123.8226
"10333",105.199,13.93501,107.9384,107.1857,105.1828
"10334",38.72984,6.575589,43.3199,44.85047,43.84719
"10335",17.12291,3.054402,18.72903,19.10124,18.44283
"10336",3.237281,0.6455746,4.477274,6.023555,5.30058
"10337",-6.43559,0.9785026,-1.797876,3.430532,2.530477
"10338",-11.51516,-5.440636,-1.04222,1.272674,1.001541
"10339",-20.35353,-12.91025,-0.7984655,1.108563,0.9425553
"10340",-17.15988,-14.6586,-0.6217377,1.298596,0.9684134
"10341",-14.97582,-13.86288,-0.5526546,1.180543,0.9536577
"10342",-15.26238,-14.734,-0.3718198,1.151034,0.9518163
"10343",-14.95753,-14.31098,-0.6725441,1.39267,0.9610345
"10344",-13.2571,-12.96959,-0.54657,1.139962,0.9684137
"10345",-15.16354,-13.07893,-0.9793407,1.293064,0.9591906
"10346",-15.47592,-14.26815,-0.2986761,0.8761823,0.9518107
"10347",-14.72957,-15.02044,-0.2661719,1.025592,0.9997672
"10348",-13.3991,-13.17352,-0.6562735,1.317034,0.9684078
"10349",-12.54842,-10.67799,-0.99559,1.195288,0.9702497
"10350",-12.15353,-9.821708,-1.127663,1.18423,0.9665675
"10351",-13.14457,-10.20897,-1.20488,1.219269,0.9591827
"10352",-12.93605,-10.0971,-1.2394,1.125197,0.9868531
"10353",-12.42073,-9.485651,-1.269904,1.213744,0.9481226
"10354",-13.60447,-10.26534,-1.288184,1.363157,0.9610351
"10355",-12.92061,-9.812038,-1.257688,1.274612,0.9554983
"10356",-12.12786,-8.798447,-1.243489,1.16579,0.9296802
"10357",-11.21213,-8.463338,-1.288186,1.280147,0.9425867
"10358",-10.6163,-8.793264,-1.054544,1.058795,0.931518
"10359",-10.51918,-8.814387,-1.099225,1.110446,0.9554999
"10360",-10.71205,-9.162275,-1.01186,1.208206,0.9757879
"10361",-11.13164,-9.599389,-1.032168,1.305968,0.9684091
"10362",-12.69598,-10.21534,-1.117509,1.296745,0.9591853
"10363",-9.493255,-10.10377,2.515426,3.486274,2.752128
"10364",13.33034,-5.858232,22.41143,20.44542,18.25405
"10365",98.36104,5.354981,105.0123,99.8103,68.59812
"10366",97.19523,2.323199,104.8948,105.7695,101.7373
"10367",154.4577,8.466119,162.4438,159.8835,139.2341
"10368",361.0696,41.70469,366.2885,371.8652,173.7274
"10369",280.8403,34.17887,279.3743,277.6639,163.1361
"10370",477.5382,61.49498,474.236,473.259,145.2336
"10371",524.5674,66.84068,524.8893,517.6087,173.6129
"10372",522.839,66.34296,521.2744,505.3757,182.7958
"10373",515.9785,65.24592,512.4393,495.967,195.9418
"10374",419.5273,52.22,415.7946,415.4353,241.6599
"10375",353.1439,44.0591,350.1718,353.3882,303.7508
"10376",319.0829,40.19505,316.3521,319.3439,308.2538
"10377",480.5639,61.06306,473.4027,471.086,308.697
"10378",408.4854,48.19616,400.123,399.2717,206.6397
"10379",332.383,40.04675,327.5756,333.4116,226.382
"10380",237.6894,27.17517,232.754,227.1636,117.5221
"10381",115.8841,11.55878,113.7232,95.83001,55.74689
"10382",74.87072,7.576225,73.93462,47.38923,44.27289
"10383",27.51575,3.300762,28.74231,25.99828,25.15368
"10384",4.272012,1.037943,5.514859,6.41048,5.742868
"10385",-2.832055,0.7380937,-1.052264,1.761315,1.370322
"10386",-2.585846,0.9976758,-1.308316,1.24312,1.025483
"10387",-1.779655,1.351907,-1.019879,1.01261,1.014454
"10388",-2.270491,1.049851,-1.170241,1.17678,1.018154
"10389",-3.217118,0.2903858,-1.247471,1.322515,1.036616
"10390",-9.850665,-6.680261,-1.200781,1.27456,1.003416
"10391",-10.22677,-7.669337,-1.190591,1.169433,1.032937
"10392",-10.45796,-7.915218,-1.168266,1.245065,1.031099
"10393",-9.450368,-6.991788,-1.074787,1.091974,1.014503
"10394",-9.816709,-8.946089,-0.63595,1.11226,1.008965
"10395",-11.9067,-10.18733,-0.8594332,1.447955,1.056916
"10396",-12.46772,-9.969313,-1.196716,1.335429,1.003416
"10397",-11.40871,-8.831105,-1.198745,1.296703,1.008957
"10398",-12.43683,-9.191757,-1.318627,1.274572,0.9960474
"10399",-12.01807,-8.61513,-1.237344,1.29671,0.9960506
"10400",-11.4621,-8.351199,-1.263736,1.315148,0.9831336
"10401",-10.34658,-7.146128,-1.115439,1.130703,0.9739169
"10402",-10.69721,-7.736526,-1.021981,1.21186,0.9757593
"10403",-11.83342,-9.280965,-0.8899059,1.152828,0.9683753
"10404",-12.19033,-10.97134,-0.8167737,1.287475,1.001574
"10405",-11.55625,-9.242842,-1.133736,1.23213,0.9609891
"10406",-9.41546,-9.393792,-0.3880695,1.003416,0.9720591
"10407",-11.43329,-11.59877,-0.2336502,1.243197,0.9831213
"10408",-9.84843,-10.10957,-0.211301,1.132524,0.997875
"10409",-11.57658,-12.03485,-0.1219041,1.226596,1.00341
"10410",-11.23107,-11.69331,-0.1422204,1.149118,0.9978696
"10411",-10.56063,-11.45163,0.526199,1.292987,1.021847
"10412",-5.551588,-10.74558,5.284545,4.002519,3.308993
"10413",6.836409,-8.714972,16.84301,14.10834,13.43326
"10414",39.83079,-3.700549,48.4414,44.42099,43.98199
"10415",45.63799,-3.258147,54.13134,50.91902,50.41732
"10416",92.49277,2.517782,100.5634,95.45475,94.58971
"10417",82.42902,1.128461,91.41391,83.91984,82.78922
"10418",132.093,7.60159,142.1097,131.9164,129.4377
"10419",219.3741,19.47939,229.262,217.1703,211.8679
"10420",307.7476,36.15332,310.168,303.4365,284.1203
"10421",214.2859,25.56967,214.4113,214.2045,198.9682
"10422",132.2434,15.98394,131.7312,123.2032,118.0398
"10423",217.8189,27.59731,216.4131,209.1703,191.3603
"10424",264.5677,33.49062,263.2871,254.761,225.0538
"10425",255.9707,32.83984,249.5164,251.8072,218.7317
"10426",174.0841,21.26266,171.2847,172.9594,141.6362
"10427",292.4626,36.21405,288.8871,288.0889,203.5506
"10428",189.3795,22.96637,186.0947,182.2286,141.9815
"10429",149.6758,16.45427,146.524,135.8688,81.46235
"10430",66.87883,8.654263,66.42461,66.09267,64.11781
"10431",35.001,4.431999,34.9295,35.90839,33.41529
"10432",5.161289,0.5816708,6.757479,8.995414,8.373959
"10433",-1.823579,0.09570483,-0.6804446,1.26693,1.07514
"10434",-1.81334,-0.2690552,-0.6378129,1.36102,1.1766
"10435",-3.188654,0.2116375,-1.24723,1.584206,1.257775
"10436",-1.752683,0.1084789,-0.6906897,1.208018,1.104736
"10437",-3.060043,0.008508954,-1.229051,1.567686,1.104758
"10438",-2.810586,0.4211852,-1.139683,1.361143,1.014403
"10439",-2.559091,0.5594764,-1.105183,1.182264,1.04578
"10440",-0.9352098,0.1606126,-0.398206,0.9498905,1.021823
"10441",-1.852852,-0.2212429,-0.6582457,1.33354,1.042116
"10442",-1.943666,-0.1659358,-0.6562417,1.375961,1.005226
"10443",-2.427307,0.2467798,-0.9752358,1.300354,1.084551
"10444",-1.463176,0.2744371,-0.6338981,1.056892,0.9849569
"10445",-0.9878142,-0.1595548,-0.349453,1.160176,0.9978622
"10446",-1.094039,-0.2478458,-0.3372689,1.259786,1.018158
"10447",-5.900159,0.09678756,-1.279989,2.456866,1.85925
"10448",-10.43916,-5.849303,-1.355157,0.9941798,0.9646672
"10449",-10.69378,-7.968163,-1.399846,1.344634,0.9868028
"10450",-10.6928,-9.331873,-0.8675438,1.104851,0.9720482
"10451",-11.01251,-9.594666,-0.8350378,1.272696,1.018157
"10452",-13.30793,-9.943645,-1.410033,1.473744,0.953599
"10453",-10.96215,-10.65003,-0.4307293,0.9111776,0.9517568
"10454",-10.79916,-10.02981,-0.6217156,1.165714,0.9886442
"10455",-10.22075,-8.983163,-0.7476863,1.298512,1.027374
"10456",-12.57259,-8.02882,-1.38157,1.667411,1.359382
"10457",-10.75769,-8.815924,-1.048357,1.056888,0.9572869
"10458",-11.18476,-8.713953,-1.123551,1.272689,1.101152
"10459",-7.047775,-8.327753,1.279985,2.224437,1.724584
"10460",13.11489,-6.009936,21.10546,21.6227,20.34264
"10461",71.80571,1.87421,80.22934,78.82824,65.00227
"10462",144.9148,19.24696,144.5912,147.5843,113.4213
"10463",113.8155,13.76178,113.4781,113.6159,110.0249
"10464",146.4902,18.60484,145.0878,139.3581,135.046
"10465",108.691,12.87857,107.4268,104.8735,99.95448
"10466",250.0393,32.81668,248.9857,239.4477,156.0919
"10467",324.131,41.35595,322.8141,329.315,258.593
"10468",169.2346,21.57936,167.7178,160.6689,149.8965
"10469",281.1916,35.91267,281.8156,265.6571,221.7341
"10470",485.8491,62.56338,479.8426,476.9762,257.1165
"10471",186.557,22.24657,187.4189,191.345,169.1253
"10472",537.4628,58.29022,533.8108,514.0163,282.468
"10473",259.7316,35.5211,249.7661,249.6278,215.7648
"10474",137.8994,18.52789,133.1852,128.2333,125.5924
"10475",99.90302,12.3283,97.89745,94.47,91.62437
"10476",63.50888,7.871291,64.85072,66.11456,63.64326
"10477",79.92242,11.44953,79.33611,76.64234,75.06545
"10478",53.29677,7.457174,53.99159,55.10482,54.2232
"10479",17.08933,2.939975,17.50467,17.00201,16.46712
"10480",1.233215,0.5828985,1.980891,2.42914,1.896094
"10481",-2.617945,0.4212134,-0.9955075,1.381488,1.038422
"10482",-2.611767,0.5126893,-1.103188,1.372273,0.9923161
"10483",-2.121004,0.5148247,-0.9427041,1.125122,0.9849436
"10484",-2.058124,0.08296885,-0.7883028,1.182304,0.9720351
"10485",-2.139582,0.08615871,-0.8126827,1.300347,0.9591208
"10486",-2.500511,0.1531754,-0.9630437,1.322485,0.977569
"10487",-2.793337,0.2340148,-1.064624,1.425788,0.9886447
"10488",-2.072531,0.0648852,-0.7943873,1.191532,0.9480607
"10489",-1.697238,-0.03297592,-0.6481177,1.274547,0.962827
"10490",-2.30145,-0.1510441,-0.7375041,1.453457,0.962823
"10491",-1.313614,-0.2159238,-0.4124253,1.187843,0.9517499
"10492",-1.327031,-0.2042266,-0.3921122,1.226569,0.9406771
"10493",-1.076496,-0.2957091,-0.2864714,1.278209,0.9406732
"10494",-1.24046,-0.1350917,-0.3860305,1.121434,0.9296098
"10495",-1.542535,0.1989087,-0.5891853,1.206279,0.9296101
"10496",-1.268257,-0.07764763,-0.416492,1.24871,0.9277711
"10497",-1.396144,0.1489176,-0.544499,1.193383,0.9443771
"10498",-1.213656,-0.03616938,-0.4063489,1.165722,0.9609831
"10499",-1.561114,-0.05424819,-0.4937028,1.30406,0.9388496
"10500",-1.041439,-0.1521105,-0.3311697,1.169417,0.9462317
"10501",-1.107447,-0.1638125,-0.3860314,1.209995,0.9388524
"10502",-1.316782,-0.3052914,-0.4185439,1.224753,0.9443879
"10503",-1.229125,-0.1031793,-0.4632399,1.10855,0.9683672
"10504",-0.968232,-0.2606077,-0.3189805,1.16758,0.9388598
"10505",-2.266453,-0.3137987,-0.4713653,1.735685,1.208155
"10506",-6.622038,-3.242258,-0.9569547,1.12884,1.040304
"10507",-7.326241,-2.435907,0.5993639,2.604437,1.813145
"10508",10.97666,-1.847684,18.4139,15.706,13.49074
"10509",39.25659,0.0287283,45.09775,38.66501,34.33406
"10510",44.02241,0.3063531,52.17909,50.48089,47.31939
"10511",130.0099,15.74066,141.3345,132.1384,67.94971
"10512",141.4578,15.6547,146.1125,134.5759,94.58498
"10513",232.0352,30.43672,231.9056,222.8024,64.61816
"10514",515.0163,70.1991,516.0436,518.2246,93.09156
"10515",616.7762,84.58224,617.7089,622.0964,149.7489
"10516",692.2427,94.70026,690.8589,690.2824,198.3499
"10517",694.848,93.7255,691.2496,687.0685,170.6934
"10518",695.3923,93.68428,689.1712,684.5277,167.2968
"10519",649.1016,85.33142,641.9459,643.4014,143.7176
"10520",706.2836,93.52037,700.4809,705.0907,249.5811
"10521",609.3246,79.79636,595.597,610.4083,229.7136
"10522",484.9235,60.7721,474.3199,478.4618,149.7288
"10523",382.1784,47.07619,371.3953,364.2422,96.90682
"10524",336.4625,40.03194,328.887,313.1167,77.41097
"10525",245.7521,26.4424,238.3254,205.7024,53.17949
"10526",141.2218,13.90118,136.2368,35.08154,30.86001
"10527",56.03226,5.875226,54.96991,34.74755,27.088
"10528",3.285001,1.115774,4.741786,5.767586,5.112802
"10529",-0.8279774,0.4892935,-0.4022706,1.012618,0.9591285
"10530",-1.201254,0.1340263,-0.5546548,1.125137,0.9812676
"10531",-1.264142,0.04573935,-0.491667,1.189697,0.9831135
"10532",-1.282712,-0.05424748,-0.4713545,1.117767,0.9720511
"10533",-1.452855,-0.3254923,-0.5058962,1.364929,0.9831178
"10534",-1.30745,-0.1978461,-0.481509,1.328033,0.9591348
"10535",-1.430171,-0.2871992,-0.4266595,1.307752,0.9591408
"10536",-2.356161,-0.1680651,-0.7395558,1.460852,0.9609895
"10537",-1.633312,0.2520987,-0.6379607,1.103016,0.9406989
"10538",-1.685877,-0.01807987,-0.5627794,1.209994,0.9683648
"10539",-1.260074,-0.3776262,-0.3596238,1.200794,0.9739162
"10540",-2.818101,-0.160621,-0.8919317,1.768894,1.125156
"10541",-3.245062,0.5414466,-1.320659,1.549418,1.230313
"10542",-1.247708,0.7286602,-0.5587409,0.9702383,0.9241241
"10543",-1.138396,0.0021279,-0.4104181,1.128862,0.9278067
"10544",-1.05075,-0.2808259,-0.2702267,1.186031,0.922264
"10545",-0.957953,-0.1446697,-0.2621008,1.276407,0.9277933
"10546",-5.266937,-1.902937,-0.7903289,2.418138,1.781786
"10547",-9.804044,-7.598105,-0.8634863,1.22106,0.9056498
"10548",-10.27418,-8.864932,-0.7923706,1.350185,0.9812815
"10549",-11.29487,-10.23805,-0.5424661,1.023713,0.9148859
"10550",-11.03533,-10.43299,-0.4530814,1.110401,0.9204155
"10551",-9.96586,-9.044682,-0.5688812,1.226602,0.9167237
"10552",-10.52695,-8.991611,-0.5587332,1.809481,1.427664
"10553",-10.43437,-5.976105,-0.8614799,1.922005,1.379713
"10554",-10.11263,-6.552645,-0.6725214,1.211888,0.9056875
"10555",-8.270165,-6.298593,0.6095614,1.674904,1.021912
"10556",4.754814,-5.15505,13.17651,11.45885,10.51994
"10557",21.50457,-4.580619,33.08059,31.18915,30.08053
"10558",22.24273,-5.53795,33.51712,30.44923,29.65973
"10559",88.39169,2.235985,96.96045,93.2287,90.62416
"10560",223.1904,21.84668,232.9423,227.2897,145.8932
"10561",332.2767,41.58664,337.3961,345.4876,211.784
"10562",184.6128,22.74969,182.5331,180.5346,176.6022
"10563",373.4289,49.19851,368.5844,371.1181,233.1187
"10564",215.5008,27.34135,213.8149,211.7228,197.7589
"10565",298.626,39.2171,298.0385,289.4853,253.1122
"10566",192.8026,24.73619,191.9445,188.2864,181.0029
"10567",396.9736,53.81176,399.6377,388.2412,250.2256
"10568",188.9349,23.56818,186.6916,187.1279,143.1222
"10569",110.0863,13.85224,108.8745,102.6921,100.2428
"10570",97.57118,12.64301,99.05875,95.85781,92.84785
"10571",67.34905,9.314266,70.59367,68.52707,66.65314
"10572",49.60494,7.680756,51.9087,49.26335,48.29133
"10573",33.73111,1.917826,41.07502,37.73055,36.66998
"10574",10.81662,-2.342284,18.89103,18.97425,18.08521
"10575",8.205762,-0.8892624,13.89904,14.08995,13.18985
"10576",-1.709694,-3.050782,5.247999,6.439162,5.662623
"10577",-8.740269,-5.808104,-0.5912599,1.368665,0.9056792
"10578",-9.218897,-6.741137,-0.7436576,1.1086,0.9075402
"10579",-8.737458,-7.646516,-0.4998449,1.125219,0.9112425
"10580",-10.04299,-6.533815,-1.265864,1.294928,0.9241577
"10581",-4.968481,-2.993563,-0.7965156,1.139998,0.9186394
"10582",-3.221642,0.4468116,-1.164317,1.483126,0.9961289
"10583",-2.57199,0.6670371,-1.042416,1.195378,0.920516
"10584",-2.854662,0.5021547,-1.036357,1.403857,0.9131523
"10585",-3.486849,0.5234325,-1.282236,1.558835,0.8965605
"10586",-2.84436,0.6904669,-1.133901,1.295047,0.9279328
"10587",-2.050287,0.3170455,-0.7742366,1.438962,0.9500839
"10588",-2.214318,0.540482,-0.8717989,1.202832,0.891055
"10589",-2.655766,0.364934,-0.8250667,1.605007,1.073694
"10590",-6.236686,-1.668283,-1.387985,1.411312,0.8873737
"10591",-11.14101,-7.298828,-1.184782,1.348592,0.8670835
"10592",-10.872,-7.873495,-1.048643,1.121688,0.8468001
"10593",-9.900406,-7.317016,-0.9551588,0.9888723,0.8283651
"10594",-4.096766,-0.7543578,-1.0324,1.466717,0.9593622
"10595",-4.042262,0.8714445,-1.48362,1.490729,0.8265431
"10596",-4.167117,1.257709,-1.560868,1.459394,0.8579244
"10597",-4.090944,1.250306,-1.528408,1.372708,0.8339571
"10598",-3.859944,1.407815,-1.485747,1.260205,0.80262
"10599",-2.951247,1.275895,-1.187001,0.9723936,0.7952592
"10600",-4.154014,1.039654,-1.504072,1.555482,0.8284832
"10601",-8.783724,-3.133912,-1.654509,1.409717,0.7952726
"10602",-13.24172,-10.10883,-1.028524,1.005625,0.7805127
"10603",-11.33079,-11.66002,1.522408,1.983555,1.234418
"10604",21.37142,-7.22765,33.56728,32.30944,26.38669
"10605",105.3715,6.302336,115.904,111.3089,69.33268
"10606",165.3759,21.25752,166.7681,171.0752,115.392
"10607",157.0604,19.69245,155.9102,158.7125,151.5986
"10608",339.9344,47.28321,338.1558,359.3286,263.4788
"10609",389.8503,52.50336,395.5172,406.5204,217.5382
"10610",444.0046,60.32537,445.6187,432.4312,116.3988
"10611",511.9797,69.63543,499.8237,517.7086,140.226
"10612",554.9323,73.91424,549.5363,535.7178,105.2731
"10613",454.2932,60.22727,459.3761,444.5728,172.9241
"10614",366.7409,47.08139,365.5356,348.346,108.7479
"10615",477.4793,61.5289,472.9021,475.6985,184.4526
"10616",315.2344,39.8996,317.6216,312.1094,224.9794
"10617",402.1405,50.43795,402.7117,379.457,119.5737
"10618",499.9682,63.61937,493.4936,490.9126,132.942
"10619",295.489,36.83701,285.6172,303.6825,171.5341
"10620",254.3267,31.25944,253.183,239.5881,90.93136
"10621",157.275,19.44967,154.1628,151.028,94.05959
"10622",88.72719,10.53946,86.2156,46.84148,44.43457
"10623",69.03313,7.928386,66.95135,40.67698,34.25467
"10624",8.558804,2.010277,10.87101,13.6453,12.6124
"10625",-4.249313,0.9754233,-1.584753,1.676664,1.193401
"10626",-4.374208,1.01907,-1.741247,1.525461,1.042184
"10627",-4.479558,0.9893185,-1.849001,1.577165,1.051443
"10628",-3.981593,1.53934,-1.737296,1.333705,0.9352542
"10629",-3.750694,1.724487,-1.696701,1.361413,0.883627
"10630",-3.833281,1.141527,-1.619522,1.448143,0.918695
"10631",-2.299894,1.568221,-1.154254,0.9316328,0.8855131
"10632",-1.597588,0.7043368,-0.7498777,0.9722362,0.8910627
"10633",-2.934204,0.7053925,-1.032339,1.394709,0.9224268
"10634",-3.834517,0.9288036,-1.461103,1.477721,0.9943717
"10635",-3.775829,1.224603,-1.49772,1.108762,0.8910686
"10636",-4.28025,1.383162,-1.617651,1.261906,0.8892375
"10637",-5.192028,1.115052,-2.038334,2.031255,1.319117
"10638",-4.267966,0.9991012,-1.570945,1.629092,1.153096
"10639",-3.242873,2.524954,-1.564909,0.9280295,0.8726803
"10640",-5.777294,0.1808747,-2.136051,2.876398,2.105176
"10641",-4.436439,1.161977,-1.707242,1.935434,1.357942
"10642",-4.129148,1.625946,-1.64224,1.262034,0.8653428
"10643",-3.631971,2.389981,-1.623955,0.9483972,0.8432241
"10644",-4.049885,2.026135,-1.758164,1.206736,0.8487749
"10645",-4.268761,1.679286,-1.800923,1.380201,0.8856899
"10646",-4.330473,1.563228,-1.764262,1.393117,0.8303347
"10647",-4.480138,1.689902,-1.823244,1.516768,0.841419
"10648",-4.025301,1.84745,-1.72775,1.262141,0.8100574
"10649",-4.899059,-0.543806,-1.605786,2.898901,1.788056
"10650",-9.840616,-5.623294,-1.018373,1.435617,0.786083
"10651",-12.31146,-10.22394,1.29074,2.659071,1.623861
"10652",-5.64402,-12.64929,9.474409,8.237418,6.716892
"10653",31.41905,-6.402283,49.5183,47.83147,43.4803
"10654",91.11637,2.167711,108.2685,107.4782,87.38718
"10655",106.5198,9.489079,114.7191,114.7534,111.1572
"10656",194.4123,25.50739,197.1755,202.6089,194.7784
"10657",246.1819,33.35866,247.6954,254.0359,246.4438
"10658",234.6193,31.47149,235.7122,240.4659,230.1715
"10659",298.2142,39.64384,300.0465,302.6884,271.1161
"10660",445.5204,60.42142,448.2193,449.3566,305.3228
"10661",638.6397,86.5947,643.5616,647.2462,338.3593
"10662",477.2275,60.2322,481.7338,481.777,233.2448
"10663",378.469,45.89825,383.0714,384.1893,160.315
"10664",279.0945,32.70337,279.0345,271.5988,118.7828
"10665",170.552,19.41312,170.8309,158.8072,114.1845
"10666",348.1645,43.85457,346.3028,345.1175,171.7786
"10667",146.9245,18.63599,146.6523,145.7512,133.3531
"10668",91.98166,12.10226,91.29503,89.1532,85.7336
"10669",82.89948,11.23667,82.16654,81.34531,77.68771
"10670",99.07407,13.60572,98.42566,99.92987,94.70438
"10671",32.77764,4.444033,33.82513,39.45041,37.84383
"10672",0.6661116,0.04786663,1.999225,3.585718,2.903254
"10673",-1.884914,-0.3052848,-0.558726,1.296714,0.9333388
"10674",-1.731286,-0.08403467,-0.5302852,1.267201,0.9407166
"10675",-1.744686,-0.1287089,-0.5993624,1.141761,0.9185737
"10676",-3.95347,0.2467914,-1.343008,1.993978,1.331778
"10677",-2.566619,0.8744148,-1.12157,1.210053,0.8983165
"10678",-2.193361,0.8095334,-0.9062078,1.151046,0.9389136
"10679",-1.854105,0.0946765,-0.7517893,1.237758,0.9057217
"10680",-6.46791,0.01168441,-1.430472,2.375952,1.822547
"10681",-13.42491,-8.222407,-1.042398,1.184302,0.8909938
"10682",-14.20778,-12.44915,-0.6583658,1.127121,0.8817741
"10683",-15.96284,-14.10861,-0.5344088,1.128948,0.8799155
"10684",-14.09587,-9.812565,-0.2925958,1.324474,0.8596166
"10685",-10.3638,-7.339173,-0.1706793,1.267293,0.866998
"10686",-11.0355,-7.922407,-0.1280147,1.271011,0.8633285
"10687",-10.34362,-7.390557,-0.1503678,1.210148,0.8799399
"10688",-10.85935,-7.916162,-0.1219209,1.217536,0.8651887
"10689",-11.54832,-8.25453,-0.1341133,1.247051,0.8781011
"10690",-12.00114,-8.71525,-0.06705639,1.188019,0.889169
"10691",-11.60488,-8.802291,-0.04673623,1.095778,0.852272
"10692",-12.09668,-8.344756,-0.05892746,1.211987,0.9039172
"10693",-9.131974,-6.952319,-0.04470427,1.237809,0.891001
"10694",-7.937772,-6.079969,-0.07112128,1.199077,0.8965408
"10695",-9.055676,-6.789559,-0.2275869,1.204623,0.9260654
"10696",-9.097067,-5.528977,-0.7559208,1.368811,0.900242
"10697",-8.195769,-3.920416,-0.9997752,1.259971,0.8725717
