"","date","RH_15m_Avg","RH_8m_Avg","RH_4m_Avg","RH_2m_Avg","RH_1m_Avg","Tair_15m_Avg","Tair_8m_Avg","Tair_4m_Avg","Tair_2m_Avg","Tair_1m_Avg"
"10000",2019-10-23 17:30:00,80.9687,86.27052,84.7526,80.76827,82.63878,12.43414,11.99517,12.4023,12.48856,12.87288
"10001",2019-10-23 18:00:00,79.56884,84.84376,83.18777,79.40952,81.25405,12.49417,12.05455,12.45613,12.53734,12.90556
"10002",2019-10-23 18:30:00,78.05404,83.1998,81.619,77.85921,79.55679,12.51865,12.07998,12.47576,12.56972,12.93687
"10003",2019-10-23 19:00:00,78.31735,83.34393,81.86552,78.09499,79.83206,12.41462,11.99252,12.36996,12.45523,12.8126
"10004",2019-10-23 19:30:00,77.47218,82.56746,81.01419,77.34455,79.08063,12.44434,12.00165,12.3835,12.46364,12.81764
"10005",2019-10-23 20:00:00,77.3825,82.44275,80.92184,77.16833,78.81388,12.55667,12.11403,12.49951,12.58805,12.94942
"10006",2019-10-23 20:30:00,78.35871,83.41206,81.92075,78.0574,79.7253,12.49541,12.05803,12.4362,12.52377,12.89039
"10007",2019-10-23 21:00:00,78.5365,83.90115,82.2163,78.31335,80.01619,12.45775,11.96959,12.37595,12.48357,12.86094
"10008",2019-10-23 21:30:00,75.36629,81.18163,79.31519,75.71972,77.39566,12.71083,12.12317,12.55599,12.67572,13.04483
"10009",2019-10-23 22:00:00,71.41778,77.01346,75.31519,72.12788,73.81522,12.99554,12.3869,12.79349,12.88717,13.20267
"10010",2019-10-23 22:30:00,65.51053,71.60195,69.72336,67.35743,69.13209,13.42345,12.60801,13.08488,13.15216,13.42913
"10011",2019-10-23 23:00:00,59.45514,64.92122,63.63852,61.80567,63.20825,13.95922,13.10555,13.54266,13.6242,13.90791
"10012",2019-10-23 23:30:00,64.1769,68.73991,67.86508,65.16572,66.32911,13.38292,12.81039,13.13966,13.26862,13.59532
"10013",2019-10-24 00:00:00,67.88876,72.78188,71.8494,68.64352,70.12895,12.74443,12.17482,12.49803,12.64568,12.94635
"10014",2019-10-24 00:30:00,67.54281,73.08928,72.03603,68.90117,70.52772,12.70274,11.97139,12.34139,12.48316,12.7671
"10015",2019-10-24 01:00:00,67.69949,73.09121,71.91692,68.74407,70.29549,12.72488,12.00469,12.38167,12.51174,12.79663
"10016",2019-10-24 01:30:00,76.33694,80.17992,80.66383,75.96706,77.03405,11.76233,10.97079,11.18831,11.37584,11.77645
"10017",2019-10-24 02:00:00,82.39613,87.16335,88.31715,82.96749,84.44798,11.33037,10.18142,10.4102,10.52757,10.89492
"10018",2019-10-24 02:30:00,66.19691,74.22092,71.50172,70.35717,73.47709,12.82527,11.79948,12.30351,12.15032,12.23121
"10019",2019-10-24 03:00:00,65.16452,70.43449,69.40427,66.92024,68.72591,12.94915,12.27172,12.58641,12.6398,12.85574
"10020",2019-10-24 03:30:00,65.63175,70.63873,69.84064,67.21285,68.90657,12.87432,12.25628,12.53297,12.5945,12.82165
"10021",2019-10-24 04:00:00,64.05539,69.42191,68.5312,66.12805,67.94382,12.74104,11.99583,12.28526,12.34414,12.5372
"10022",2019-10-24 04:30:00,67.00092,72.27149,71.52405,68.58401,70.37263,12.34615,11.67949,11.95615,12.04866,12.26465
"10023",2019-10-24 05:00:00,66.58414,71.7111,70.72234,67.98144,69.7416,12.30189,11.67001,11.97627,12.04068,12.26372
"10024",2019-10-24 05:30:00,67.44649,72.63778,71.77505,68.89285,70.5365,12.09423,11.45727,11.75049,11.82753,12.0873
"10025",2019-10-24 06:00:00,69.37643,74.7394,74.0635,70.77641,72.64055,11.69466,11.03162,11.29676,11.41159,11.64307
"10026",2019-10-24 06:30:00,69.10613,74.53218,73.34408,70.35007,72.27693,11.71234,11.06591,11.40326,11.47169,11.69784
"10027",2019-10-24 07:00:00,68.37645,73.71544,72.35674,69.50874,71.27213,11.83969,11.19,11.54939,11.59819,11.84838
"10028",2019-10-24 07:30:00,74.69782,78.03338,80.89005,77.92152,79.20065,10.94133,10.72645,10.35367,10.16903,10.50581
"10029",2019-10-24 08:00:00,80.28044,83.1403,84.84235,80.24874,79.3356,10.62861,10.61967,10.41066,10.62602,11.73138
"10030",2019-10-24 08:30:00,79.53754,82.58386,83.66489,78.80785,73.2194,11.46955,11.43883,11.32228,11.60146,13.7026
"10031",2019-10-24 09:00:00,78.34097,81.46649,81.80638,77.03207,69.04505,12.39489,12.39835,12.32088,12.66815,15.35376
"10032",2019-10-24 09:30:00,71.7455,74.5563,74.41619,70.44427,63.27914,14.02629,14.14844,14.03434,14.39413,16.9719
"10033",2019-10-24 10:00:00,61.57172,63.87021,65.25632,61.71125,54.75775,16.1529,16.31391,15.65737,16.1518,18.96093
"10034",2019-10-24 10:30:00,54.0804,55.18275,57.98683,54.00249,47.87842,18.0722,18.37768,17.31364,18.24294,20.94581
"10035",2019-10-24 11:00:00,49.93111,50.69476,53.02277,50.22279,45.32838,18.82097,19.04984,18.23548,18.86678,21.12457
"10036",2019-10-24 11:30:00,47.31259,46.87387,49.37222,48.34519,43.70422,19.48749,20.11311,19.2218,19.40009,21.61966
"10037",2019-10-24 12:00:00,47.1069,46.61218,48.61431,46.97145,42.53758,19.34147,19.99997,19.40457,19.89626,22.15878
"10038",2019-10-24 12:30:00,44.76278,44.50686,45.44289,44.62036,40.00591,20.02927,20.55157,20.20947,20.44951,22.79978
"10039",2019-10-24 13:00:00,44.58168,44.00702,44.26805,43.91415,39.04378,19.95894,20.57595,20.63716,20.75989,23.24839
"10040",2019-10-24 13:30:00,45.64567,45.27541,44.22379,43.89405,39.43143,19.85189,20.44404,21.02419,21.08806,23.39412
"10041",2019-10-24 14:00:00,45.47695,43.92075,43.53884,43.30555,38.17143,20.21104,21.28587,21.58618,21.69099,24.36883
"10042",2019-10-24 14:30:00,47.16901,45.66539,44.51563,44.35775,39.25639,20.01251,21.01224,21.68262,21.6867,24.27594
"10043",2019-10-24 15:00:00,48.36207,47.0138,45.63354,45.12812,40.78706,20.14794,21.09418,21.77807,21.8597,24.00375
"10044",2019-10-24 15:30:00,48.41755,47.26336,46.48288,45.75603,41.86256,20.46449,21.32095,21.74915,21.8821,23.81079
"10045",2019-10-24 16:00:00,48.71833,47.85275,47.54569,46.46067,42.94725,20.39661,21.12916,21.34428,21.60585,23.34726
"10046",2019-10-24 16:30:00,48.52726,47.94394,48.53479,46.76123,43.97802,20.5951,21.18388,21.03354,21.49886,22.89389
"10047",2019-10-24 17:00:00,49.51369,50.05254,51.68663,51.30903,51.32425,20.34381,20.52593,20.04615,19.85472,20.22856
"10048",2019-10-24 17:30:00,51.38913,53.00125,55.82891,54.18016,54.71225,19.76927,19.58824,18.85257,19.01288,19.33008
"10049",2019-10-24 18:00:00,55.37911,59.27798,61.45018,58.83149,59.4027,18.43045,17.54593,17.23084,17.49512,17.869
"10050",2019-10-24 18:30:00,57.32925,63.78864,67.78961,64.60983,65.52211,17.50639,16.09522,15.44545,15.71873,16.13677
"10051",2019-10-24 19:00:00,58.54947,66.16642,71.06778,69.58282,71.03122,16.91191,15.31602,14.56722,14.55404,14.93234
"10052",2019-10-24 19:30:00,61.22475,69.44005,73.94524,72.17214,74.36489,16.12828,14.44995,13.79653,13.7281,14.06522
"10053",2019-10-24 20:00:00,62.0475,71.16068,76.20251,74.68564,76.99049,15.80436,13.96956,13.27437,13.19232,13.51704
"10054",2019-10-24 20:30:00,63.01509,73.28203,80.03342,76.5581,78.36201,15.50483,13.38657,12.36668,12.46857,12.82032
"10055",2019-10-24 21:00:00,66.29723,77.37436,82.02229,78.54873,80.70161,14.81199,12.51182,12.02464,12.03419,12.34099
"10056",2019-10-24 21:30:00,73.84451,81.94451,84.14941,80.09654,82.00435,13.4843,11.75667,11.71487,11.80838,12.15932
"10057",2019-10-24 22:00:00,77.73597,86.48412,87.5399,82.75266,84.54829,13.19879,11.49974,11.48351,11.50686,11.81402
"10058",2019-10-24 22:30:00,80.03109,88.24398,89.04701,84.42331,86.41389,12.69347,11.3736,11.45214,11.48744,11.7938
"10059",2019-10-24 23:00:00,81.3478,89.29275,90.48386,85.36707,87.18452,12.35623,10.92649,10.89462,10.99665,11.32884
"10060",2019-10-24 23:30:00,82.42566,91.0285,92.3419,87.05022,88.98704,12.0738,10.64387,10.58855,10.69581,11.00583
"10061",2019-10-25 00:00:00,82.98045,91.26866,93.23815,87.45782,89.26193,11.76391,10.29923,10.1784,10.36835,10.73416
"10062",2019-10-25 00:30:00,85.13743,91.41966,93.93051,87.84383,89.54892,11.26024,9.717918,9.629459,9.911839,10.32168
"10063",2019-10-25 01:00:00,86.70597,92.6917,95.06821,88.74462,90.37247,10.94478,9.44422,9.394124,9.516525,9.901338
"10064",2019-10-25 01:30:00,87.79027,94.14893,95.68761,89.61129,91.22356,10.88336,9.424658,9.40415,9.456283,9.811968
"10065",2019-10-25 02:00:00,87.41751,95.32731,96.18011,90.50837,92.26483,10.91147,9.604465,9.744109,9.726724,9.982913
"10066",2019-10-25 02:30:00,87.49084,95.62438,95.38558,89.96834,91.85344,10.40889,9.311759,9.628145,9.711735,10.03981
"10067",2019-10-25 03:00:00,89.35627,96.17406,95.71945,89.71131,91.42473,9.930298,8.719204,9.002727,9.215828,9.599101
"10068",2019-10-25 03:30:00,89.87969,96.81161,96.89384,90.78951,92.43974,9.908902,8.761641,9.072612,9.117775,9.401758
"10069",2019-10-25 04:00:00,89.28308,97.10809,96.1802,90.5089,92.50241,9.940656,8.895232,9.213664,9.297322,9.577156
"10070",2019-10-25 04:30:00,88.59836,97.2282,95.78032,90.15266,92.24858,10.01531,8.832617,9.134758,9.19306,9.439852
"10071",2019-10-25 05:00:00,88.30426,97.03814,95.34759,89.74783,91.9256,9.700459,8.550766,8.770267,8.928196,9.245839
"10072",2019-10-25 05:30:00,90.163,97.15451,96.51083,90.13757,91.87814,9.307674,8.091228,8.2328,8.350328,8.671905
"10073",2019-10-25 06:00:00,90.42839,97.65044,97.39564,91.43709,93.28455,9.422809,8.365552,8.706255,8.728222,8.943201
"10074",2019-10-25 06:30:00,90.34154,97.74907,96.66386,90.9875,93.00768,9.210792,8.349009,8.763596,8.866346,9.16581
"10075",2019-10-25 07:00:00,89.90169,98.02457,95.91483,90.51879,92.94133,9.429358,8.562572,9.007957,9.109921,9.400578
"10076",2019-10-25 07:30:00,86.32124,96.1729,92.1095,89.22902,92.44275,10.38159,9.696733,10.0338,9.759982,9.9631
"10077",2019-10-25 08:00:00,81.79508,90.58253,86.30173,82.91299,84.89751,11.40344,11.06776,11.32258,11.39234,12.21036
"10078",2019-10-25 08:30:00,78.60112,84.46202,82.25408,78.65698,74.62268,12.62755,12.42941,12.67372,12.78444,14.67905
"10079",2019-10-25 09:00:00,74.07759,78.75248,77.04217,73.90284,68.32669,13.89415,13.70947,14.01133,14.11702,16.33989
"10080",2019-10-25 09:30:00,70.36165,74.43507,73.11517,70.39007,64.01257,14.7957,14.60501,14.93837,15.00969,17.43858
"10081",2019-10-25 10:00:00,67.79763,71.28759,70.02704,67.29723,60.84591,15.69949,15.54379,15.90521,16.0392,18.53053
"10082",2019-10-25 10:30:00,65.33999,68.23658,67.08659,64.34887,57.68782,16.58026,16.51958,16.88532,17.08739,19.7269
"10083",2019-10-25 11:00:00,62.21226,64.63531,63.52208,60.97002,54.25821,17.80486,17.77271,18.11922,18.34448,21.08346
"10084",2019-10-25 11:30:00,59.70052,61.52135,60.7019,58.3437,52.15062,18.78576,18.86518,19.16941,19.42244,22.0277
"10085",2019-10-25 12:00:00,57.8999,59.73564,58.6673,57.00794,51.37325,19.4007,19.45382,19.82132,19.90228,22.38809
"10086",2019-10-25 12:30:00,53.35913,54.79261,53.86391,52.64061,46.75345,20.42661,20.5341,20.90854,20.96379,23.64961
"10087",2019-10-25 13:00:00,50.92574,52.00604,51.03038,50.06856,44.58119,21.2106,21.36291,21.7994,21.89969,24.56597
"10088",2019-10-25 13:30:00,47.66279,48.20641,47.40362,46.60027,41.04264,21.80155,22.0464,22.48396,22.62525,25.42486
"10089",2019-10-25 14:00:00,45.95055,45.78448,45.14434,44.38282,38.05861,22.13928,22.6804,23.06252,23.24583,26.51018
"10090",2019-10-25 14:30:00,44.64309,43.48722,42.94874,42.47934,36.05003,22.45163,23.36955,23.67962,23.84483,27.27113
"10091",2019-10-25 15:00:00,42.69938,41.57774,41.26344,40.79166,35.23843,22.89142,23.78801,24.01587,24.26364,27.31128
"10092",2019-10-25 15:30:00,41.44705,40.58557,40.41407,39.89525,34.93367,23.24537,23.98538,24.11394,24.40509,27.13419
"10093",2019-10-25 16:00:00,39.45203,38.8334,39.02183,38.32571,33.90769,23.50526,24.08494,24.05441,24.50134,26.96971
"10094",2019-10-25 16:30:00,38.91481,38.89687,39.44246,38.45542,35.00325,23.59509,23.85167,23.65036,24.21206,26.11604
"10095",2019-10-25 17:00:00,40.49074,41.01484,42.91109,43.00414,42.17741,23.44333,23.46487,22.71279,22.60413,23.20481
"10096",2019-10-25 17:30:00,43.74974,45.19571,48.39115,48.01791,48.47003,22.47892,22.17701,21.19105,21.18827,21.42306
"10097",2019-10-25 18:00:00,48.56488,52.8809,56.77331,56.60162,57.6646,20.83698,19.64011,18.85979,18.72242,18.94582
"10098",2019-10-25 18:30:00,51.98033,57.69657,60.43179,61.52778,63.94294,20.03734,18.51454,17.93241,17.24754,17.27549
"10099",2019-10-25 19:00:00,55.28319,60.46524,61.47842,61.62827,65.01699,19.06135,17.94774,17.89814,17.46604,17.19414
"10100",2019-10-25 19:30:00,61.85675,66.54945,68.06675,67.10915,69.47112,17.67175,16.75753,16.62827,16.32286,16.35812
"10101",2019-10-25 20:00:00,65.57925,72.13743,73.07638,71.90264,74.58636,16.88722,15.76414,15.75023,15.39534,15.43943
"10102",2019-10-25 20:30:00,65.13459,71.82162,71.6858,70.01058,73.24146,16.73088,15.65001,15.83703,15.64961,15.59531
"10103",2019-10-25 21:00:00,64.55846,71.19208,70.79882,69.05204,72.09767,16.48813,15.41414,15.64477,15.48755,15.46783
"10104",2019-10-25 21:30:00,65.38669,71.75803,71.47929,69.32209,71.97462,16.12341,15.12897,15.33134,15.2562,15.31774
"10105",2019-10-25 22:00:00,65.95413,72.14337,71.76118,69.45074,71.85681,15.87506,14.93286,15.15173,15.10331,15.21056
"10106",2019-10-25 22:30:00,69.37978,75.27103,75.36699,72.34647,74.49593,15.13853,14.3088,14.43302,14.45109,14.63159
"10107",2019-10-25 23:00:00,71.38164,78.13395,77.87591,74.93964,77.37486,14.79737,13.85838,14.03759,13.99298,14.15383
"10108",2019-10-25 23:30:00,73.52814,79.92632,79.30912,76.07368,78.39063,14.46578,13.62094,13.88233,13.86613,14.06272
"10109",2019-10-26 00:00:00,75.91382,82.17017,81.73382,77.96713,80.06062,13.92622,13.13931,13.35949,13.40672,13.64956
"10110",2019-10-26 00:30:00,76.21674,83.15324,82.38331,78.80579,81.19448,13.70158,12.82135,13.0724,13.08126,13.29605
"10111",2019-10-26 01:00:00,77.73393,84.40517,83.68687,79.73303,81.8651,13.34672,12.50447,12.77296,12.81773,13.07227
"10112",2019-10-26 01:30:00,76.25415,84.33875,82.81595,79.43016,82.13264,13.49719,12.45144,12.81203,12.78087,12.94435
"10113",2019-10-26 02:00:00,73.00133,80.41286,79.03316,76.12537,79.13799,13.92641,12.98292,13.29984,13.25348,13.35889
"10114",2019-10-26 02:30:00,73.06633,79.44333,78.49107,75.2356,77.5527,13.76986,12.97373,13.25375,13.26461,13.46246
"10115",2019-10-26 03:00:00,75.55676,81.65131,81.57527,77.43903,79.33781,12.95232,12.1225,12.33448,12.45681,12.75016
"10116",2019-10-26 03:30:00,77.63512,84.22449,82.61797,78.87464,81.20182,12.59954,11.83128,12.23185,12.2663,12.50943
"10117",2019-10-26 04:00:00,77.28769,83.58756,81.9854,78.20637,80.47444,12.76215,12.05617,12.43677,12.49036,12.74024
"10118",2019-10-26 04:30:00,76.68044,83.35774,81.83618,78.14986,80.38825,12.79931,12.00647,12.36359,12.39132,12.63853
"10119",2019-10-26 05:00:00,76.66206,83.27703,82.24602,78.65601,80.84763,12.66266,11.85845,12.14032,12.12222,12.35756
"10120",2019-10-26 05:30:00,79.53264,85.76806,85.25061,81.03373,82.86118,11.89573,11.12901,11.37536,11.41428,11.707
"10121",2019-10-26 06:00:00,80.24284,87.6574,86.632,82.83611,85.19299,11.79234,10.83692,11.13265,11.0468,11.23725
"10122",2019-10-26 06:30:00,81.61809,88.53736,87.18682,82.9271,85.41388,11.53657,10.72751,11.08034,11.1183,11.34687
"10123",2019-10-26 07:00:00,82.80908,89.4952,88.40643,83.87841,86.11741,11.29554,10.52917,10.83924,10.89941,11.18344
"10124",2019-10-26 07:30:00,82.41653,88.74274,88.1768,85.41516,87.34537,11.57623,10.98367,11.09815,10.79894,11.14962
"10125",2019-10-26 08:00:00,77.20651,82.89429,81.18715,78.31252,78.70651,13.13527,12.71797,12.98628,12.96904,13.87952
"10126",2019-10-26 08:30:00,73.02878,77.14531,76.01129,72.86812,68.48207,14.83921,14.63625,14.8694,14.95664,16.80857
"10127",2019-10-26 09:00:00,69.44802,72.56693,71.46175,68.5595,63.7293,16.00263,15.92155,16.22071,16.33672,18.33015
"10128",2019-10-26 09:30:00,67.7378,70.6189,69.52522,66.63238,61.40257,16.5652,16.50448,16.8447,16.99379,19.13854
"10129",2019-10-26 10:00:00,66.17617,68.98318,67.73995,65.01121,58.93895,17.28061,17.18909,17.58049,17.73172,20.14716
"10130",2019-10-26 10:30:00,63.91653,66.60821,65.52511,62.9547,56.33741,18.10275,17.99254,18.34109,18.52361,21.18827
"10131",2019-10-26 11:00:00,61.69231,64.03989,63.08443,60.62568,53.76078,19.03395,18.97182,19.28539,19.46723,22.27269
"10132",2019-10-26 11:30:00,58.97964,60.71187,59.92628,57.71388,51.41338,19.94837,20.02506,20.3067,20.52151,23.22024
"10133",2019-10-26 12:00:00,55.91061,57.57722,56.78167,55.17134,49.13437,21.06769,21.11436,21.43036,21.51635,24.20848
"10134",2019-10-26 12:30:00,51.90131,53.07887,52.32115,51.14178,45.59889,22.27905,22.40338,22.74023,22.84264,25.49393
"10135",2019-10-26 13:00:00,49.13163,50.03727,49.09375,48.2062,42.77074,22.92475,23.09338,23.52465,23.64797,26.40252
"10136",2019-10-26 13:30:00,46.21936,46.73073,45.95853,45.19337,39.44109,23.88645,24.12683,24.52118,24.68492,27.69132
"10137",2019-10-26 14:00:00,43.8073,43.42171,42.74251,42.2319,36.11733,24.3991,24.98042,25.31975,25.5074,28.88589
"10138",2019-10-26 14:30:00,41.14243,39.73584,39.24341,38.92131,33.28057,24.7134,25.70607,26.02524,26.2108,29.48666
"10139",2019-10-26 15:00:00,39.0173,37.75693,37.49007,37.24874,31.68093,25.29584,26.22186,26.41987,26.66927,30.00184
"10140",2019-10-26 15:30:00,37.97118,36.75135,36.69032,36.30311,31.17166,25.68546,26.53829,26.60857,26.98241,30.11389
"10141",2019-10-26 16:00:00,36.51369,35.68088,35.96404,35.48022,30.73951,25.94314,26.60007,26.47787,26.9374,29.85675
"10142",2019-10-26 16:30:00,39.10315,38.88994,39.74302,38.29644,34.54747,25.9777,26.30181,25.96635,26.69446,28.81242
"10143",2019-10-26 17:00:00,40.63177,41.10989,43.28754,43.20197,42.33915,25.4968,25.5344,24.6708,24.60271,25.23545
"10144",2019-10-26 17:30:00,42.34729,44.77548,48.39805,47.74121,47.67743,24.33329,23.87929,22.83731,22.89491,23.26515
"10145",2019-10-26 18:00:00,42.98265,48.4504,54.02986,54.73013,56.00566,22.91515,21.41176,20.38853,20.09818,20.34165
"10146",2019-10-26 18:30:00,45.07413,51.35469,59.46712,60.42913,62.47684,22.22801,20.22749,18.58045,18.2474,18.43904
"10147",2019-10-26 19:00:00,52.0588,57.15462,61.28053,62.63435,65.93967,20.41536,18.94028,17.92275,17.25723,17.31176
"10148",2019-10-26 19:30:00,58.08172,63.80741,66.79242,67.37108,70.95988,18.68857,17.55582,17.09701,16.5109,16.42789
"10149",2019-10-26 20:00:00,60.74978,67.15118,71.34397,70.17395,73.27245,17.78285,16.45533,15.87631,15.66568,15.7464
"10150",2019-10-26 20:30:00,62.63063,71.38158,76.30849,75.19803,77.52984,16.88616,15.26215,14.67983,14.42285,14.65687
"10151",2019-10-26 21:00:00,64.14388,72.22963,73.49043,73.5045,77.43024,16.18956,14.83063,14.83775,14.39129,14.34142
"10152",2019-10-26 21:30:00,65.53003,73.58179,74.8372,74.21181,77.69332,15.52436,14.24175,14.31063,14.00729,14.05287
"10153",2019-10-26 22:00:00,65.27414,73.19357,77.46118,75.51856,78.53825,15.35616,13.75862,13.36973,13.29338,13.50025
"10154",2019-10-26 22:30:00,67.2377,77.31366,83.40553,79.51862,81.45016,14.896,12.71803,12.0689,12.23846,12.64566
"10155",2019-10-26 23:00:00,69.6442,80.9271,86.28941,81.9522,83.7749,14.35336,11.72631,11.42925,11.56673,11.96637
"10156",2019-10-26 23:30:00,70.44999,84.40016,88.87566,84.06023,85.69863,14.27978,11.1683,10.89921,11.00378,11.42061
"10157",2019-10-27 00:00:00,71.62145,86.92317,89.6863,85.09171,86.81722,13.96889,11.11037,10.73108,10.81268,11.22165
"10158",2019-10-27 00:30:00,74.23466,88.20853,90.77971,85.77617,87.51585,13.61659,10.92036,10.55611,10.63548,11.00672
"10159",2019-10-27 01:00:00,78.77354,88.31361,91.53699,86.25117,88.09843,12.52489,10.3849,10.06527,10.28065,10.68898
"10160",2019-10-27 01:30:00,79.10946,89.14426,92.88066,86.94067,88.57501,12.08937,9.625391,9.524537,9.794379,10.2402
"10161",2019-10-27 02:00:00,81.53918,89.65573,94.01189,87.97644,89.60456,11.53399,9.242163,9.40906,9.692274,10.11221
"10162",2019-10-27 02:30:00,82.41607,91.58099,94.15031,88.16763,89.89934,11.26694,9.180444,9.395057,9.605195,10.01277
"10163",2019-10-27 03:00:00,82.23295,93.38908,94.27686,88.8173,90.53409,11.4573,9.562419,9.665568,9.677371,10.02725
"10164",2019-10-27 03:30:00,83.33734,93.62507,93.73766,89.04922,91.01122,11.2321,9.931122,10.03825,10.00126,10.30899
"10165",2019-10-27 04:00:00,82.00738,92.85868,90.54297,86.75843,89.78386,11.43149,10.23991,10.6219,10.57891,10.77767
"10166",2019-10-27 04:30:00,82.58796,91.86325,90.03825,85.88662,88.82224,11.29476,10.27554,10.66461,10.69161,10.93563
"10167",2019-10-27 05:00:00,79.92413,90.34991,87.57906,83.7637,87.02833,11.81986,10.59666,11.05467,11.05047,11.22724
"10168",2019-10-27 05:30:00,77.00418,87.19376,84.55852,81.35837,84.55315,12.58222,11.41344,11.88546,11.87486,12.09955
"10169",2019-10-27 06:00:00,77.48629,86.06459,84.97881,81.43162,84.08886,12.49343,11.47508,11.75866,11.7442,11.97434
"10170",2019-10-27 06:30:00,78.89999,87.01274,86.32502,82.46165,84.76191,12.14882,11.12834,11.37839,11.32053,11.55894
"10171",2019-10-27 07:00:00,77.40923,86.57128,85.10023,82.44119,85.70982,12.46777,11.36181,11.69196,11.5209,11.68017
"10172",2019-10-27 07:30:00,75.51644,82.75936,81.9337,80.1123,82.91846,13.12996,12.4405,12.60339,12.29646,12.59524
"10173",2019-10-27 08:00:00,75.71091,81.11291,80.91039,77.75658,79.19808,13.3632,12.9215,13.09125,13.12987,13.71244
"10174",2019-10-27 08:30:00,76.41421,82.6965,81.6233,78.09455,78.66795,13.42621,12.78921,13.14135,13.21122,13.96593
"10175",2019-10-27 09:00:00,69.67419,74.52628,73.20444,70.88352,66.44079,15.54303,15.17926,15.50446,15.48916,17.52203
"10176",2019-10-27 09:30:00,64.67147,68.03223,67.10222,64.94756,59.06867,16.93058,16.78449,17.14741,17.24794,19.72374
"10177",2019-10-27 10:00:00,63.86686,67.04823,66.46897,63.80922,60.30683,17.07855,16.86614,17.12187,17.30152,18.91551
"10178",2019-10-27 10:30:00,63.1254,66.66104,65.48856,63.09941,60.25091,17.67994,17.37852,17.78354,17.9479,19.55326
"10179",2019-10-27 11:00:00,61.58531,64.55729,63.83524,61.53516,57.63425,18.09601,17.8913,18.19855,18.33176,20.14581
"10180",2019-10-27 11:30:00,57.78883,59.82887,59.01324,57.08542,50.97736,19.4979,19.47987,19.79285,19.96855,22.66722
"10181",2019-10-27 12:00:00,55.02818,56.76919,56.11146,54.60177,48.90622,20.3496,20.35178,20.64654,20.74925,23.31691
"10182",2019-10-27 12:30:00,52.13774,53.37602,52.54211,51.5449,46.74927,21.31941,21.46655,21.85442,21.90496,24.21718
"10183",2019-10-27 13:00:00,49.17827,50.03962,49.44924,48.4048,43.07487,22.40172,22.59224,22.86189,23.01184,25.69247
"10184",2019-10-27 13:30:00,47.18413,47.51095,46.8512,46.05006,41.13842,22.89476,23.2119,23.53101,23.69712,26.24418
"10185",2019-10-27 14:00:00,46.77562,47.77597,47.35418,46.32875,42.77354,22.98625,23.03008,23.28938,23.498,25.40313
"10186",2019-10-27 14:30:00,46.3684,46.60225,46.09243,45.13388,40.86291,23.46742,23.80788,24.08973,24.30583,26.54555
"10187",2019-10-27 15:00:00,47.05972,48.44475,48.24247,47.1059,44.45911,23.26829,23.1463,23.33506,23.54275,25.02115
"10188",2019-10-27 15:30:00,45.23813,45.22279,44.90476,43.79174,40.41891,24.21182,24.64795,24.84479,25.18193,27.08992
"10189",2019-10-27 16:00:00,45.30883,45.19278,45.86541,44.51314,40.39711,24.24861,24.6881,24.4853,24.87372,27.08091
"10190",2019-10-27 16:30:00,46.99767,48.4792,48.94469,47.33553,44.87855,23.91806,23.74522,23.73063,24.09273,25.46478
"10191",2019-10-27 17:00:00,49.08478,51.4135,52.46398,50.96549,49.58539,23.21568,22.77867,22.76561,23.0283,24.03891
"10192",2019-10-27 17:30:00,52.19479,57.24475,59.77799,58.51043,58.74047,22.25831,21.19464,20.93432,21.09542,21.7661
"10193",2019-10-27 18:00:00,55.56573,60.71275,61.13644,60.03111,61.63824,21.27401,20.06821,20.17256,20.06976,20.30046
"10194",2019-10-27 18:30:00,58.27464,65.60292,67.18153,65.97987,68.3112,20.65767,19.08221,18.89211,18.79212,19.11427
"10195",2019-10-27 19:00:00,60.07418,66.78177,67.38246,67.11181,69.86203,20.16845,18.8332,18.91612,18.66968,18.85224
"10196",2019-10-27 19:30:00,62.32039,69.44562,71.4884,71.46334,74.03056,19.8713,18.51263,18.39316,18.02746,18.28219
"10197",2019-10-27 20:00:00,65.62585,71.7439,71.91707,70.16573,72.29616,19.14842,18.19973,18.40314,18.29482,18.56432
"10198",2019-10-27 20:30:00,64.68133,72.04026,71.97868,69.35078,70.95522,18.75487,17.61185,17.8505,17.93183,18.28384
"10199",2019-10-27 21:00:00,62.53658,70.04364,70.37106,69.28423,71.18398,18.63919,17.39317,17.58466,17.45206,17.78534
"10200",2019-10-27 21:30:00,62.91439,70.66054,73.03124,70.78716,72.98563,18.40088,16.97428,16.82189,16.88916,17.21833
"10201",2019-10-27 22:00:00,63.54366,71.53369,71.33696,70.40881,73.20567,18.12113,16.83621,17.06807,16.88268,17.11806
"10202",2019-10-27 22:30:00,63.93105,71.39249,72.65053,70.65803,72.53802,18.02575,16.7285,16.93298,17.05261,17.46347
"10203",2019-10-27 23:00:00,69.07678,76.04223,77.01044,74.19941,75.85334,17.23245,16.06439,16.25762,16.36866,16.83443
"10204",2019-10-27 23:30:00,72.18848,79.43893,80.0536,76.80939,78.29066,16.86407,15.57854,15.89785,16.07283,16.63724
"10205",2019-10-28 00:00:00,72.27058,82.16807,82.39209,78.80453,80.04736,16.89668,15.25577,15.67436,15.82294,16.38704
"10206",2019-10-28 00:30:00,71.75108,82.19251,81.72052,78.60719,80.35017,17.07994,15.4477,15.81529,15.89037,16.34122
"10207",2019-10-28 01:00:00,75.93288,83.39798,82.35909,78.09138,79.46339,16.39248,15.35924,15.83112,16.05788,16.53724
"10208",2019-10-28 01:30:00,73.86594,83.74361,83.47133,79.07708,80.48825,16.6053,15.13024,15.56726,15.8048,16.30311
"10209",2019-10-28 02:00:00,72.40083,84.9549,85.05352,81.29057,83.04781,16.79406,14.95895,15.26363,15.39449,15.85497
"10210",2019-10-28 02:30:00,74.81448,85.59361,85.62682,81.35564,83.03962,16.43054,14.74742,15.05295,15.2176,15.67501
"10211",2019-10-28 03:00:00,79.44666,87.03168,87.45337,82.64081,84.12186,15.62765,14.32102,14.61501,14.81205,15.26928
"10212",2019-10-28 03:30:00,79.20796,88.41899,89.1783,83.99627,85.77931,15.63373,13.90393,14.19409,14.4075,14.80096
"10213",2019-10-28 04:00:00,77.34916,89.13944,90.44827,84.68184,86.34483,15.87038,13.72822,13.64822,13.93367,14.37541
"10214",2019-10-28 04:30:00,78.62142,89.81703,92.03586,86.47699,87.9477,15.47606,13.28531,13.33057,13.50214,13.93004
"10215",2019-10-28 05:00:00,77.67265,90.8739,92.56666,86.66161,88.16533,15.65653,12.97915,12.86662,13.11098,13.55472
"10216",2019-10-28 05:30:00,79.74978,92.42519,93.62751,87.60482,89.02397,15.25326,12.80893,12.43649,12.62057,13.02557
"10217",2019-10-28 06:00:00,81.70753,92.81116,94.17197,87.89966,89.39455,14.51995,12.27057,11.90058,12.13159,12.55733
"10218",2019-10-28 06:30:00,84.88337,92.99049,95.06725,88.85399,90.44495,13.82228,11.77563,11.80533,11.99873,12.39836
"10219",2019-10-28 07:00:00,86.95664,93.9329,95.28804,89.00074,90.6403,13.51674,11.57405,11.64075,11.87888,12.31302
"10220",2019-10-28 07:30:00,85.92371,94.67743,95.5275,89.60615,91.29367,13.9613,12.04118,12.22222,12.28671,12.73839
"10221",2019-10-28 08:00:00,76.07603,89.6861,86.76473,84.78879,86.94849,16.08417,15.1602,14.98197,14.73068,15.38309
"10222",2019-10-28 08:30:00,68.16348,71.48337,73.1374,72.10759,69.76708,18.05626,18.43201,17.58278,17.21914,18.64902
"10223",2019-10-28 09:00:00,66.87767,66.92455,70.85828,68.05721,63.46064,19.2339,19.97782,18.941,19.06933,21.06736
"10224",2019-10-28 09:30:00,68.2664,69.39597,69.72366,67.83736,63.10901,19.52254,19.85745,19.9207,19.7555,21.69561
"10225",2019-10-28 10:00:00,70.6241,73.06145,71.8656,69.3004,66.4828,19.33411,19.33621,19.78077,19.76005,21.17899
"10226",2019-10-28 10:30:00,66.75613,69.13647,67.3418,65.65671,62.48802,20.40475,20.46641,20.96727,20.81039,22.41219
"10227",2019-10-28 11:00:00,62.26337,63.65339,62.51401,60.78279,57.31593,21.04294,21.25068,21.68372,21.63663,23.29337
"10228",2019-10-28 11:30:00,61.05399,62.56575,61.17862,59.6468,56.38398,21.15105,21.3256,21.85327,21.80125,23.42359
"10229",2019-10-28 12:00:00,59.82692,61.24355,59.50246,58.28257,55.02015,21.3709,21.53122,22.1613,22.03819,23.67208
"10230",2019-10-28 12:30:00,58.18118,59.59989,57.98775,56.855,54.09087,21.41006,21.53718,22.17327,22.06003,23.52655
"10231",2019-10-28 13:00:00,57.69231,59.05289,57.24656,55.76142,52.74675,21.52564,21.63458,22.31323,22.32855,23.88439
"10232",2019-10-28 13:30:00,58.09129,59.29735,57.91153,56.14633,53.22233,21.59198,21.78742,22.3494,22.45496,23.99647
"10233",2019-10-28 14:00:00,58.52987,58.86217,57.51324,56.11042,52.34223,21.39429,21.85206,22.39101,22.3813,24.20892
"10234",2019-10-28 14:30:00,57.02187,56.28326,55.06667,53.76485,49.49405,21.61503,22.40217,22.88749,22.93479,24.97156
"10235",2019-10-28 15:00:00,56.45434,56.56427,55.41155,54.10308,51.178,21.42791,21.929,22.38275,22.40447,23.92023
"10236",2019-10-28 15:30:00,55.04562,54.18525,53.79123,52.21939,48.37991,21.76509,22.58665,22.78792,22.94786,24.8318
"10237",2019-10-28 16:00:00,55.49215,54.9274,55.22478,53.43655,49.88936,21.70957,22.40111,22.41172,22.60369,24.34661
"10238",2019-10-28 16:30:00,57.75627,58.15304,59.02806,56.37202,53.81105,21.1666,21.51878,21.36655,21.71223,23.04598
"10239",2019-10-28 17:00:00,61.47116,64.27172,64.35763,61.62706,61.32717,20.141,19.84409,19.95568,20.15404,20.80102
"10240",2019-10-28 17:30:00,64.07614,68.01482,67.92294,64.95096,65.17587,19.4987,18.93943,19.12537,19.30716,19.85024
"10241",2019-10-28 18:00:00,67.55608,72.8187,72.5629,69.26528,70.11683,18.62073,17.8018,18.02528,18.16717,18.60629
"10242",2019-10-28 18:30:00,70.29277,76.43524,75.83047,72.18971,73.52869,17.87015,16.92669,17.20899,17.35701,17.71537
"10243",2019-10-28 19:00:00,72.32357,79.1244,78.24519,74.50626,76.15541,17.30789,16.28901,16.60031,16.71713,17.02774
"10244",2019-10-28 19:30:00,73.24492,80.30199,79.42156,75.83199,77.8802,16.92126,15.92091,16.21295,16.28971,16.54651
"10245",2019-10-28 20:00:00,74.77477,81.33842,80.60286,76.67253,78.62587,16.55622,15.595,15.92204,16.05527,16.36029
"10246",2019-10-28 20:30:00,76.72053,83.47401,83.12247,78.78663,80.32708,16.2386,15.17954,15.55193,15.74956,16.16543
"10247",2019-10-28 21:00:00,78.43548,85.53785,84.33786,79.91074,81.46979,16.08455,15.07025,15.58601,15.80273,16.26204
"10248",2019-10-28 21:30:00,78.10799,85.79103,83.83205,79.3379,80.69412,16.35274,15.28424,15.84371,16.06619,16.56501
"10249",2019-10-28 22:00:00,77.6892,86.27836,84.95387,80.45377,81.80038,16.61036,15.29762,15.8547,16.09476,16.61125
"10250",2019-10-28 22:30:00,78.14572,85.78335,83.44087,79.0172,80.64461,16.6901,15.79033,16.35944,16.57884,17.0055
"10251",2019-10-28 23:00:00,77.97269,85.00262,82.72858,78.2448,79.82607,16.82585,16.01177,16.5595,16.78891,17.20963
"10252",2019-10-28 23:30:00,77.80719,84.26038,82.02309,77.53849,79.17321,16.92249,16.20022,16.72955,16.9593,17.35261
"10253",2019-10-29 00:00:00,77.01551,83.42693,81.2153,76.82422,78.37964,17.05114,16.33116,16.85852,17.08461,17.49079
"10254",2019-10-29 00:30:00,75.95714,82.24373,80.10378,75.79968,77.17151,17.20802,16.46865,16.98809,17.21014,17.64186
"10255",2019-10-29 01:00:00,75.81766,82.53462,80.47569,76.01558,76.91148,17.21157,16.36042,16.90687,17.16193,17.7117
"10256",2019-10-29 01:30:00,75.93195,82.68131,80.61856,76.43472,77.52045,17.08328,16.2446,16.7668,16.95405,17.45193
"10257",2019-10-29 02:00:00,76.32236,82.56001,80.46336,76.14024,77.43732,17.2013,16.46704,16.98869,17.19229,17.63321
"10258",2019-10-29 02:30:00,77.74194,83.73421,81.94185,77.41092,78.79137,17.01687,16.33069,16.79053,17.00217,17.41941
"10259",2019-10-29 03:00:00,77.97323,84.35036,82.69653,78.24993,79.72488,16.86625,16.07695,16.52059,16.70542,17.12176
"10260",2019-10-29 03:30:00,79.96028,86.06985,84.33443,79.48839,81.04914,16.64905,15.92619,16.411,16.647,17.05538
"10261",2019-10-29 04:00:00,82.3593,88.0815,86.59294,81.37666,83.01006,16.29194,15.65608,16.0998,16.3549,16.75017
"10262",2019-10-29 04:30:00,84.81888,90.5946,89.21342,83.9323,85.69704,15.99147,15.34657,15.78599,15.98478,16.36253
"10263",2019-10-29 05:00:00,85.81561,92.03215,90.09045,84.98088,86.96156,16.09274,15.45671,15.89772,16.04746,16.38545
"10264",2019-10-29 05:30:00,86.66925,92.86865,91.43755,86.04655,87.98367,16.00308,15.2705,15.66808,15.82487,16.15532
"10265",2019-10-29 06:00:00,87.56549,94.00378,92.47427,87.10564,89.27782,15.87532,15.15255,15.56295,15.71111,16.00878
"10266",2019-10-29 06:30:00,88.60157,94.86605,93.44211,87.92251,90.12533,15.61452,14.93938,15.33499,15.4921,15.80061
"10267",2019-10-29 07:00:00,89.35405,95.79925,94.01688,88.67934,91.00391,15.69449,15.01622,15.45419,15.584,15.89788
"10268",2019-10-29 07:30:00,87.50277,95.14606,91.54412,87.34998,89.86353,16.27349,15.61716,16.07334,16.04268,16.34146
"10269",2019-10-29 08:00:00,80.04484,86.83647,85.28188,81.20083,82.65984,16.92707,16.53837,16.30414,16.44956,17.12462
"10270",2019-10-29 08:30:00,74.99487,78.66132,80.01001,74.86147,72.88638,18.47375,18.64381,17.90136,18.37697,19.68731
"10271",2019-10-29 09:00:00,68.5552,69.44862,71.97718,67.63847,63.38311,20.44707,21.03497,20.23091,20.65441,22.55735
"10272",2019-10-29 09:30:00,65.76817,65.72197,69.29485,64.38004,60.04087,21.33279,22.10552,20.96749,21.64537,23.59308
"10273",2019-10-29 10:00:00,63.85798,64.14589,66.90915,62.91333,57.52628,21.60548,22.13891,21.44988,21.90454,24.14739
"10274",2019-10-29 10:30:00,62.68071,63.92786,62.71492,60.85894,56.40039,21.44359,21.68313,22.14435,22.10646,24.09239
"10275",2019-10-29 11:00:00,60.10564,61.4776,59.6966,58.0934,54.22831,21.85471,22.0218,22.64139,22.61604,24.43017
"10276",2019-10-29 11:30:00,57.67422,58.79914,57.2049,55.98168,52.10915,22.37606,22.57028,23.16634,23.08034,24.92633
"10277",2019-10-29 12:00:00,55.63677,56.99696,54.98309,54.07684,50.95743,22.52492,22.60486,23.39664,23.25932,24.84495
"10278",2019-10-29 12:30:00,52.64857,53.8301,52.00482,51.51933,48.57771,23.0518,23.13142,23.85585,23.66689,25.22535
"10279",2019-10-29 13:00:00,49.7574,50.39921,48.86931,48.4327,44.99837,23.47924,23.73076,24.40236,24.28611,26.10091
"10280",2019-10-29 13:30:00,48.25375,48.5652,48.0992,47.53544,44.21159,23.32304,23.64912,23.97506,23.98578,25.76779
"10281",2019-10-29 14:00:00,46.52809,45.39269,44.49921,44.08636,39.49161,23.7284,24.63499,25.0809,25.11414,27.57569
"10282",2019-10-29 14:30:00,44.60968,42.52282,41.93354,41.84241,36.88693,23.83794,25.19459,25.592,25.58452,28.29247
"10283",2019-10-29 15:00:00,43.90775,41.73644,41.79829,41.13441,36.39872,24.04171,25.37195,25.46027,25.72363,28.30567
"10284",2019-10-29 15:30:00,46.08589,44.74732,45.37259,44.50659,41.04807,23.62191,24.52036,24.39742,24.59017,26.42026
"10285",2019-10-29 16:00:00,49.88853,50.71062,50.83496,49.50728,47.64618,22.94477,23.03222,23.09875,23.25471,24.3506
"10286",2019-10-29 16:30:00,50.74853,50.67287,51.84071,49.81719,47.36548,23.12862,23.56145,23.24436,23.62855,24.95671
"10287",2019-10-29 17:00:00,54.0238,55.37093,56.57135,54.78976,54.35305,22.25632,22.21221,21.94436,22.05517,22.66316
"10288",2019-10-29 17:30:00,59.8594,62.95595,62.74701,60.20017,60.37695,20.97898,20.491,20.67462,20.83001,21.30902
"10289",2019-10-29 18:00:00,63.68457,68.24461,67.63835,64.94523,65.7763,20.18876,19.42775,19.70185,19.78125,20.15678
"10290",2019-10-29 18:30:00,65.96066,71.04331,70.14987,67.03526,68.27294,19.77155,18.91829,19.25986,19.37789,19.67123
"10291",2019-10-29 19:00:00,67.87817,73.60957,72.81113,69.76527,71.38892,19.33078,18.41768,18.70348,18.75591,19.01171
"10292",2019-10-29 19:30:00,68.37369,74.51441,73.38451,70.25863,71.84077,18.99959,18.05457,18.4178,18.49638,18.78621
"10293",2019-10-29 20:00:00,68.63182,74.73917,73.65198,70.52187,72.18655,18.72148,17.7917,18.13455,18.21265,18.4849
"10294",2019-10-29 20:30:00,68.63412,75.0305,74.22411,71.24146,73.39541,18.52772,17.5405,17.83383,17.88775,18.09571
"10295",2019-10-29 21:00:00,71.33776,76.98923,76.15736,72.59943,74.29671,18.06512,17.25792,17.57096,17.68623,17.98946
"10296",2019-10-29 21:30:00,73.26853,79.42567,79.66746,75.66403,76.82391,17.72742,16.65029,16.86931,16.9936,17.41235
"10297",2019-10-29 22:00:00,74.59354,83.09859,83.11829,79.50211,80.99598,17.47527,15.96136,16.12409,16.03714,16.37532
"10298",2019-10-29 22:30:00,75.77705,83.55595,84.38543,80.02906,82.04864,17.1418,15.6704,15.71601,15.77011,16.03562
"10299",2019-10-29 23:00:00,76.8623,87.09091,88.2927,83.18536,84.84945,16.71955,14.86549,14.75728,14.86084,15.19986
"10300",2019-10-29 23:30:00,74.42676,88.30201,89.32387,84.99134,87.10673,16.96124,14.71561,14.52791,14.54611,14.86665
"10301",2019-10-30 00:00:00,73.40475,88.12347,89.8436,85.77915,87.75574,17.18313,14.66256,14.51749,14.51436,14.91308
"10302",2019-10-30 00:30:00,75.88834,88.26561,89.11164,84.79236,86.66943,16.67205,14.69484,14.75226,14.87227,15.34627
"10303",2019-10-30 01:00:00,80.99188,89.71016,89.95172,84.74864,86.01539,15.45588,14.11703,14.46785,14.71731,15.26662
"10304",2019-10-30 01:30:00,81.21406,90.69434,89.08627,84.2296,85.72604,14.99437,13.83685,14.39164,14.62998,15.14718
"10305",2019-10-30 02:00:00,80.86097,90.1552,87.90144,83.2358,84.76147,14.88833,13.79285,14.35155,14.54832,15.0401
"10306",2019-10-30 02:30:00,79.88361,89.65925,89.11363,83.66591,85.00105,15.08923,13.56366,14.03765,14.33427,14.84784
"10307",2019-10-30 03:00:00,80.73703,90.33276,91.13062,85.226,86.35144,15.0638,13.19091,13.66984,14.02564,14.59169
"10308",2019-10-30 03:30:00,81.44633,91.49191,91.84996,86.01348,87.24863,14.88791,13.13006,13.655,13.97694,14.51962
"10309",2019-10-30 04:00:00,80.05629,91.49442,92.18308,86.43238,87.61504,15.18072,13.02755,13.65162,13.95534,14.54286
"10310",2019-10-30 04:30:00,80.71007,92.28919,92.224,86.60687,87.70438,15.16669,13.24291,13.87612,14.14757,14.73489
"10311",2019-10-30 05:00:00,83.26806,93.07057,91.97065,86.40926,87.75032,14.57306,13.27852,13.84277,14.09603,14.61319
"10312",2019-10-30 05:30:00,84.7739,93.4889,91.65758,86.36371,87.65276,14.09415,13.12324,13.61779,13.82267,14.35213
"10313",2019-10-30 06:00:00,86.24316,93.77801,92.54248,87.16806,87.97896,13.56448,12.6927,13.12125,13.26235,13.81309
"10314",2019-10-30 06:30:00,88.5118,94.97306,94.25488,88.47115,89.36018,13.04096,12.14386,12.6017,12.76683,13.25984
"10315",2019-10-30 07:00:00,89.19434,95.83279,95.0994,89.15879,90.30338,12.82048,11.81536,12.295,12.4648,12.91968
"10316",2019-10-30 07:30:00,88.7467,95.99336,94.79713,89.74149,91.05278,13.08485,12.23714,12.66677,12.69977,13.24975
"10317",2019-10-30 08:00:00,86.40817,94.53472,91.6075,87.55523,88.62589,13.90746,13.25792,13.66279,13.72157,14.47345
"10318",2019-10-30 08:30:00,85.06084,93.87263,90.03483,85.30019,85.52464,14.36753,13.66382,14.1931,14.4016,15.29905
"10319",2019-10-30 09:00:00,80.74117,89.64991,85.13162,80.67027,79.45351,15.55513,14.86162,15.3687,15.60034,16.83497
"10320",2019-10-30 09:30:00,77.76336,85.42323,82.24657,77.71455,75.3391,16.50276,15.84366,16.23969,16.53055,17.99409
"10321",2019-10-30 10:00:00,72.02448,77.27594,75.91203,71.67966,67.99134,18.24171,17.9176,18.01983,18.37228,20.15412
"10322",2019-10-30 10:30:00,62.86478,65.40376,67.24004,63.43098,58.80333,20.95608,21.12109,20.35441,20.79591,22.84179
"10323",2019-10-30 11:00:00,60.50781,61.08641,64.85009,61.90739,57.93898,21.87921,22.34909,21.26064,21.48018,23.28349
"10324",2019-10-30 11:30:00,63.02818,64.15049,65.64147,63.16707,60.54758,21.58267,21.83483,21.5514,21.61392,23.01708
"10325",2019-10-30 12:00:00,62.40178,64.09386,64.56317,60.99879,58.63406,22.119,22.23183,22.18783,22.62875,23.97142
"10326",2019-10-30 12:30:00,62.96357,64.97163,64.6824,61.68538,60.20688,21.76433,21.75052,21.98564,22.25747,23.32233
"10327",2019-10-30 13:00:00,63.77041,67.02554,66.0893,63.00757,62.39014,21.28366,20.95503,21.37079,21.63705,22.44396
"10328",2019-10-30 13:30:00,65.88373,69.48744,68.35104,65.13784,64.97527,20.90846,20.50679,20.94923,21.15157,21.82596
"10329",2019-10-30 14:00:00,71.5738,75.94392,75.13378,70.68047,70.37674,20.19079,19.69559,20.04453,20.39534,21.18228
"10330",2019-10-30 14:30:00,68.601,73.81908,71.99023,68.10541,67.507,20.86541,20.19109,20.65155,20.95169,21.81947
"10331",2019-10-30 15:00:00,67.24871,71.59826,70.63313,66.59506,65.71525,21.36669,20.86219,21.17735,21.54261,22.47725
"10332",2019-10-30 15:30:00,66.79987,71.11868,70.20642,65.68304,64.55207,21.3738,20.84114,21.16695,21.69621,22.71059
"10333",2019-10-30 16:00:00,66.56021,71.03871,70.25015,66.06534,64.93987,21.3738,20.8211,21.15477,21.59539,22.60303
"10334",2019-10-30 16:30:00,69.09644,73.14544,73.18631,69.3682,68.60584,20.94853,20.50994,20.8108,21.10327,22.04297
"10335",2019-10-30 17:00:00,71.84297,77.45061,77.02407,72.74304,72.68196,20.53712,19.79709,20.25329,20.5951,21.39149
"10336",2019-10-30 17:30:00,73.37621,79.22137,79.39211,74.25336,74.76571,20.27541,19.29337,19.7249,20.2011,20.82221
"10337",2019-10-30 18:00:00,76.54638,82.46519,82.83484,77.4711,78.08948,19.4295,18.65079,19.02497,19.44862,20.09329
"10338",2019-10-30 18:30:00,84.14176,87.05256,90.3564,84.45297,85.4804,18.36587,17.73624,17.99535,18.4355,18.99216
"10339",2019-10-30 19:00:00,85.24034,89.2177,92.53986,86.53991,87.48734,18.31367,17.19853,17.68484,18.0396,18.61013
"10340",2019-10-30 19:30:00,86.15755,91.97586,93.75829,87.83907,88.63183,18.1239,17.03304,17.54871,17.86843,18.48556
"10341",2019-10-30 20:00:00,87.75353,94.0445,93.82451,87.84966,88.85839,17.96437,17.03784,17.64038,17.95737,18.53976
"10342",2019-10-30 20:30:00,88.81197,95.14906,94.13857,88.08801,89.18717,17.90093,17.04173,17.67572,17.98859,18.56849
"10343",2019-10-30 21:00:00,88.99529,95.86335,94.13261,88.15429,89.41691,17.82411,17.02972,17.61281,17.88415,18.41539
"10344",2019-10-30 21:30:00,88.9587,96.31214,94.17932,88.57543,90.06121,17.74829,16.92167,17.49709,17.70398,18.21911
"10345",2019-10-30 22:00:00,88.78925,96.42655,94.02336,88.3234,89.67184,17.72862,16.84114,17.4033,17.60801,18.11606
"10346",2019-10-30 22:30:00,88.64312,96.66521,94.65785,88.66378,90.03571,17.85767,16.75138,17.41855,17.71219,18.27235
"10347",2019-10-30 23:00:00,88.17969,96.89837,93.96584,88.12835,89.39291,18.11935,17.06269,17.78813,18.07133,18.65423
"10348",2019-10-30 23:30:00,88.42269,96.86604,93.47646,87.76881,89.40553,18.10498,17.28881,17.89568,18.11778,18.57201
"10349",2019-10-31 00:00:00,88.62524,96.35624,93.34435,87.94868,89.97339,17.99204,17.27319,17.77812,17.92378,18.29699
"10350",2019-10-31 00:30:00,88.53474,95.8832,93.38046,88.11164,90.38039,17.92424,17.22676,17.67295,17.78953,18.11656
"10351",2019-10-31 01:00:00,89.30238,96.04531,93.91988,88.53461,90.72918,17.85503,17.17419,17.62992,17.76297,18.10693
"10352",2019-10-31 01:30:00,89.74216,96.40054,94.36852,88.8812,91.18444,17.73307,17.08792,17.51899,17.65541,17.97681
"10353",2019-10-31 02:00:00,89.25702,96.33142,93.80227,88.59144,91.03854,17.72179,17.05665,17.5073,17.61533,17.93235
"10354",2019-10-31 02:30:00,89.81454,96.37872,94.42699,88.98441,91.18141,17.48818,16.83595,17.26339,17.38639,17.71926
"10355",2019-10-31 03:00:00,90.5012,96.88407,95.0874,89.57803,91.85143,17.13525,16.52614,16.93711,17.06396,17.38902
"10356",2019-10-31 03:30:00,90.53289,97.23983,94.96472,89.63295,92.05757,17.05234,16.41606,16.87273,16.98187,17.30612
"10357",2019-10-31 04:00:00,89.51031,96.75401,93.85555,88.82467,91.42232,17.18743,16.54891,17.0246,17.10273,17.40498
"10358",2019-10-31 04:30:00,89.98797,96.61237,94.22849,89.10992,91.58791,17.14895,16.56022,17.01747,17.107,17.42937
"10359",2019-10-31 05:00:00,89.17789,96.23222,93.41391,88.4345,90.91503,17.26291,16.65257,17.12693,17.2148,17.54667
"10360",2019-10-31 05:30:00,88.44472,95.3649,92.59151,87.67196,90.09183,17.31452,16.69835,17.18917,17.28515,17.63722
"10361",2019-10-31 06:00:00,88.18307,94.93688,92.31463,87.33199,89.58485,17.27205,16.67722,17.15905,17.26138,17.62861
"10362",2019-10-31 06:30:00,88.50883,95.00146,92.76734,87.57317,89.6608,17.15567,16.52925,17.00313,17.12665,17.51763
"10363",2019-10-31 07:00:00,88.99989,95.64181,93.45407,88.16087,90.15506,17.02864,16.35961,16.84839,16.97431,17.37162
"10364",2019-10-31 07:30:00,88.88304,95.75385,92.9561,88.27557,90.3544,17.20705,16.605,17.11874,17.1467,17.56054
"10365",2019-10-31 08:00:00,87.43896,94.23779,90.94113,86.87867,88.84077,17.56202,17.04013,17.58789,17.55759,18.06133
"10366",2019-10-31 08:30:00,85.22527,90.79593,88.04688,84.2424,85.19615,18.03038,17.66902,18.19287,18.16278,18.7983
"10367",2019-10-31 09:00:00,84.30629,90.10504,87.35677,83.52187,84.62872,18.21654,17.79113,18.33187,18.33597,18.97216
"10368",2019-10-31 09:30:00,77.74753,82.36903,79.0477,76.93392,76.0376,19.8038,19.58207,20.26662,20.03045,21.1356
"10369",2019-10-31 10:00:00,76.7869,80.73631,78.509,75.7498,75.1604,19.59744,19.38013,19.93352,19.81111,20.73037
"10370",2019-10-31 10:30:00,73.12479,76.62236,73.7212,72.11171,70.20171,20.72962,20.60688,21.33857,21.03333,22.31429
"10371",2019-10-31 11:00:00,71.81328,74.71343,71.74635,69.95629,67.57974,20.88344,20.85475,21.67587,21.45012,22.82422
"10372",2019-10-31 11:30:00,73.45096,76.31684,73.54227,71.60843,69.49631,20.6008,20.57883,21.32931,21.10536,22.40015
"10373",2019-10-31 12:00:00,71.45714,74.34293,71.56385,69.64884,68.04224,21.14836,21.10784,21.87186,21.68897,22.87949
"10374",2019-10-31 12:30:00,69.62543,71.93439,69.76771,67.87778,65.81133,21.36201,21.41843,22.04285,21.86652,23.15077
"10375",2019-10-31 13:00:00,70.08904,72.91315,71.10186,68.50873,67.41039,21.20692,21.12676,21.65809,21.65092,22.6637
"10376",2019-10-31 13:30:00,69.90575,73.03919,70.88757,68.28817,67.63194,21.16924,21.01193,21.64034,21.64155,22.5355
"10377",2019-10-31 14:00:00,66.27517,68.71893,66.08942,64.12994,62.64885,21.92957,21.96286,22.73899,22.6952,23.88994
"10378",2019-10-31 14:30:00,61.60327,62.32755,60.33699,58.8527,55.99008,22.81823,23.2153,23.87234,23.78564,25.32827
"10379",2019-10-31 15:00:00,61.23852,62.357,60.77518,59.01797,56.94804,22.83833,23.06366,23.61876,23.61146,24.87411
"10380",2019-10-31 15:30:00,62.06325,63.37956,62.06865,60.20243,58.44712,22.61262,22.78117,23.22656,23.18678,24.33127
"10381",2019-10-31 16:00:00,66.03365,68.25433,67.65943,64.88218,64.03094,22.14945,22.09774,22.32909,22.40236,23.28202
"10382",2019-10-31 16:30:00,67.92175,70.56467,70.04143,67.00933,66.63341,21.89689,21.7606,21.95466,22.04115,22.78888
"10383",2019-10-31 17:00:00,68.42626,72.21732,71.40173,68.24916,69.0402,21.23906,20.81604,21.09213,21.18595,21.65132
"10384",2019-10-31 17:30:00,70.98052,75.53384,74.28652,70.82538,71.81624,20.70445,20.13972,20.52166,20.63079,21.07446
"10385",2019-10-31 18:00:00,72.80492,77.92217,76.58141,72.815,73.91958,20.2881,19.6254,20.01019,20.13639,20.56855
"10386",2019-10-31 18:30:00,74.27901,79.9831,78.49957,74.59695,75.95708,19.95647,19.17615,19.59816,19.71908,20.1113
"10387",2019-10-31 19:00:00,74.61813,80.96107,78.85048,75.06812,76.51396,20.08539,19.22789,19.74788,19.83918,20.24196
"10388",2019-10-31 19:30:00,74.67558,80.48013,78.74757,75.07838,76.69896,20.10626,19.37319,19.80552,19.86729,20.2184
"10389",2019-10-31 20:00:00,78.6581,83.97211,82.56211,78.3133,79.81816,19.92846,19.28012,19.6791,19.76387,20.14752
"10390",2019-10-31 20:30:00,82.53448,87.98489,86.41541,81.90526,83.71017,19.62764,19.05157,19.44596,19.52666,19.88747
"10391",2019-10-31 21:00:00,83.79527,89.26604,87.58867,83.15085,85.24361,19.5608,19.02548,19.41405,19.46819,19.79357
"10392",2019-10-31 21:30:00,85.17504,90.65502,89.02209,84.42397,86.46487,19.39311,18.85551,19.24803,19.30589,19.65081
"10393",2019-10-31 22:00:00,85.62709,91.26151,89.3927,84.91253,87.17655,19.41892,18.88938,19.29351,19.33653,19.65664
"10394",2019-10-31 22:30:00,85.5767,91.29774,89.31435,84.70881,86.82935,19.52553,18.96702,19.41401,19.49946,19.8657
"10395",2019-10-31 23:00:00,86.00092,91.74683,89.77306,84.66266,86.68219,19.40508,18.84517,19.2937,19.46686,19.82791
"10396",2019-10-31 23:30:00,87.08442,92.76363,91.05287,85.80007,87.94743,19.01998,18.47127,18.87399,19.03401,19.36081
"10397",2019-11-01 00:00:00,88.3244,93.93115,92.25746,87.12344,89.37199,18.63599,18.11833,18.51122,18.62259,18.94797
"10398",2019-11-01 00:30:00,88.19109,94.28901,92.18686,87.16315,89.44835,18.54263,17.95288,18.38954,18.49246,18.82372
"10399",2019-11-01 01:00:00,88.44411,94.57697,92.49303,87.45556,89.66715,18.33229,17.74762,18.19011,18.28901,18.64112
"10400",2019-11-01 01:30:00,89.01777,94.96732,92.99786,87.95838,90.12671,18.01475,17.46141,17.89513,17.98342,18.33611
"10401",2019-11-01 02:00:00,89.37204,95.49804,93.29903,88.37054,90.64151,17.86279,17.29087,17.74546,17.82197,18.17438
"10402",2019-11-01 02:30:00,88.54503,95.24438,92.56748,87.70979,90.00856,18.01546,17.36299,17.87204,17.95393,18.30799
"10403",2019-11-01 03:00:00,87.87907,94.82825,91.96464,87.06508,89.22849,18.09182,17.40076,17.93258,18.03535,18.42169
"10404",2019-11-01 03:30:00,88.01225,94.61333,92.08574,86.99956,89.03496,17.9908,17.3588,17.86239,17.99118,18.38442
"10405",2019-11-01 04:00:00,89.10654,95.20155,93.10084,87.88697,90.06996,17.69636,17.14007,17.58224,17.6986,18.04437
"10406",2019-11-01 04:30:00,88.84731,95.11433,92.68655,87.75826,90.05378,17.79126,17.23214,17.72046,17.83452,18.20827
"10407",2019-11-01 05:00:00,89.10863,95.39582,92.98573,87.59164,89.57688,17.79027,17.18122,17.71599,17.90598,18.33502
"10408",2019-11-01 05:30:00,89.03627,95.38171,92.74101,87.62983,89.62886,17.81672,17.25782,17.78416,17.91055,18.33949
"10409",2019-11-01 06:00:00,89.0496,95.47621,92.77442,87.48271,89.26053,17.87929,17.26105,17.82641,18.01196,18.48185
"10410",2019-11-01 06:30:00,89.10403,95.62142,92.80729,87.47573,89.2187,17.92569,17.31808,17.88934,18.061,18.53679
"10411",2019-11-01 07:00:00,89.28872,95.73821,93.06226,87.82117,89.42288,17.93509,17.31877,17.88939,18.03513,18.54026
"10412",2019-11-01 07:30:00,89.36533,95.96764,93.07993,87.91724,89.51848,18.04758,17.41125,18.00382,18.1463,18.65967
"10413",2019-11-01 08:00:00,88.78348,95.70444,92.40453,87.3494,88.97449,18.30411,17.67102,18.27861,18.40848,18.91667
"10414",2019-11-01 08:30:00,88.22312,94.85822,91.62123,86.84986,88.526,18.49352,17.93126,18.5189,18.60574,19.10856
"10415",2019-11-01 09:00:00,86.91965,93.32283,90.04498,85.42138,86.81958,18.81225,18.27238,18.87217,18.98085,19.55441
"10416",2019-11-01 09:30:00,84.54501,91.01662,87.52198,83.17745,84.35728,19.35275,18.80807,19.4432,19.52933,20.13478
"10417",2019-11-01 10:00:00,83.67242,89.49728,86.83153,82.2002,83.0113,19.61334,19.11398,19.6618,19.8104,20.47772
"10418",2019-11-01 10:30:00,82.15442,87.83797,85.12143,80.92446,81.74726,20.03114,19.56396,20.13993,20.23501,20.91345
"10419",2019-11-01 11:00:00,81.66481,86.73144,84.49944,80.32111,80.85824,20.39107,20.0654,20.57544,20.71223,21.50991
"10420",2019-11-01 11:30:00,78.12082,82.40897,79.83383,76.1953,75.73901,21.15882,20.93962,21.5458,21.63907,22.60658
"10421",2019-11-01 12:00:00,75.4257,79.17184,77.46748,73.61092,72.82398,21.80141,21.60956,22.04869,22.20732,23.20275
"10422",2019-11-01 12:30:00,75.58346,80.07845,78.19926,74.15275,74.16432,21.50326,21.135,21.62128,21.80422,22.59129
"10423",2019-11-01 13:00:00,70.45568,74.67224,72.44402,69.45868,69.80247,22.29395,21.90484,22.50035,22.55158,23.23691
"10424",2019-11-01 13:30:00,67.63051,71.34628,69.38354,66.67539,66.96986,22.59332,22.24377,22.81045,22.83117,23.48816
"10425",2019-11-01 14:00:00,66.34779,69.82883,67.94091,65.48726,65.61201,22.89124,22.57077,23.13484,23.12963,23.83818
"10426",2019-11-01 14:30:00,62.81351,65.82759,64.42918,62.15503,62.06095,23.17271,22.8912,23.34816,23.35765,24.05508
"10427",2019-11-01 15:00:00,60.96491,63.14561,61.50634,59.87425,58.96383,23.5241,23.46182,24.0062,23.90132,24.83829
"10428",2019-11-01 15:30:00,61.97888,64.72057,63.37663,61.37527,61.22578,23.13414,22.89387,23.33907,23.30681,24.00285
"10429",2019-11-01 16:00:00,62.08644,64.49532,63.3526,61.25473,60.78034,23.1015,22.94946,23.323,23.31373,24.086
"10430",2019-11-01 16:30:00,62.66266,65.93275,64.73988,62.40839,63.00204,22.73649,22.34362,22.72528,22.74767,23.21725
"10431",2019-11-01 17:00:00,62.95238,66.27619,65.17712,62.71109,63.50812,22.55772,22.1532,22.49831,22.53511,22.94549
"10432",2019-11-01 17:30:00,64.74426,68.34151,67.26313,64.52814,65.49929,22.08153,21.63598,21.97745,22.0393,22.4192
"10433",2019-11-01 18:00:00,66.65991,70.5805,69.42599,66.58662,67.85863,21.5491,21.06751,21.41805,21.46051,21.79658
"10434",2019-11-01 18:30:00,67.75298,71.83935,70.45293,67.41907,68.58968,21.39611,20.89783,21.29507,21.37022,21.7478
"10435",2019-11-01 19:00:00,70.06157,74.28091,73.1042,69.82316,71.24357,20.84093,20.35086,20.6904,20.75476,21.08584
"10436",2019-11-01 19:30:00,71.47571,75.82355,74.37305,71.05453,72.55472,20.62536,20.14232,20.53359,20.58833,20.93626
"10437",2019-11-01 20:00:00,72.94605,77.46107,76.12007,72.46603,73.94467,20.21796,19.70867,20.07335,20.1761,20.52434
"10438",2019-11-01 20:30:00,75.25428,80.23587,78.7028,74.7309,76.34341,19.80067,19.22613,19.62944,19.74958,20.10163
"10439",2019-11-01 21:00:00,76.84566,82.14571,80.59232,76.42404,78.1687,19.45796,18.83962,19.25057,19.37912,19.7206
"10440",2019-11-01 21:30:00,77.23263,82.53514,80.51911,76.51695,78.2154,19.53314,18.9616,19.44136,19.55159,19.92949
"10441",2019-11-01 22:00:00,77.72052,82.76639,80.94608,76.77567,78.38673,19.36256,18.84404,19.28767,19.4175,19.8038
"10442",2019-11-01 22:30:00,78.3606,83.55162,81.64857,77.47402,79.0692,19.13158,18.59845,19.05398,19.17606,19.57299
"10443",2019-11-01 23:00:00,79.05098,84.23637,82.48481,78.24107,80.0918,18.76179,18.23937,18.6545,18.77218,19.11526
"10444",2019-11-01 23:30:00,78.39045,83.7027,81.69402,77.72062,79.58548,18.83351,18.29334,18.74938,18.83532,19.18688
"10445",2019-11-02 00:00:00,78.45383,83.61895,81.60311,77.56932,79.18754,18.86439,18.34891,18.8204,18.91977,19.32127
"10446",2019-11-02 00:30:00,78.47144,83.67794,81.61321,77.49338,79.12756,18.9475,18.42312,18.90302,19.01996,19.4135
"10447",2019-11-02 01:00:00,80.45875,85.54362,84.31847,80.03258,82.18073,18.71447,18.23415,18.63204,18.72928,19.04992
"10448",2019-11-02 01:30:00,81.01954,86.71551,84.91198,81.06913,83.72802,18.52377,17.96348,18.39962,18.44276,18.69985
"10449",2019-11-02 02:00:00,81.42863,86.80126,85.12139,80.77641,82.99778,18.33727,17.81453,18.21592,18.31417,18.60957
"10450",2019-11-02 02:30:00,82.48842,88.16498,86.2801,81.8101,83.9472,18.08487,17.5146,17.959,18.07279,18.40846
"10451",2019-11-02 03:00:00,82.33739,88.05704,85.97823,81.50795,83.56078,18.09222,17.52765,17.99112,18.10932,18.45752
"10452",2019-11-02 03:30:00,83.03451,88.78457,87.04839,82.27988,84.33674,17.84285,17.23896,17.65114,17.79268,18.12397
"10453",2019-11-02 04:00:00,83.20295,89.65823,87.30386,82.82871,84.89394,17.79297,17.1012,17.62287,17.73452,18.11966
"10454",2019-11-02 04:30:00,82.35281,88.394,86.05695,81.67949,83.62816,17.99506,17.38894,17.8877,17.99199,18.37143
"10455",2019-11-02 05:00:00,81.87192,87.57165,85.39922,81.06596,83.07795,18.0903,17.54771,18.01343,18.10887,18.46193
"10456",2019-11-02 05:30:00,82.20909,87.99039,86.03217,81.79033,84.13269,17.99629,17.43423,17.88927,17.96694,18.27497
"10457",2019-11-02 06:00:00,81.61567,87.37522,85.34107,81.08422,83.33008,17.99539,17.43454,17.88735,17.97535,18.29457
"10458",2019-11-02 06:30:00,81.99313,87.66051,85.70079,81.36083,83.60348,17.83395,17.28903,17.73444,17.82987,18.14301
"10459",2019-11-02 07:00:00,81.34338,86.98213,84.9052,80.69349,82.85135,17.88634,17.34291,17.8051,17.89589,18.23382
"10460",2019-11-02 07:30:00,80.62016,86.15154,84.02629,79.89685,81.84297,17.97997,17.44779,17.93051,18.02358,18.40273
"10461",2019-11-02 08:00:00,80.28777,85.76618,83.32013,79.30504,80.80272,18.24863,17.73706,18.29159,18.37816,18.86391
"10462",2019-11-02 08:30:00,77.58609,82.56168,80.00468,76.61326,77.65637,18.70958,18.28269,18.87226,18.89099,19.47431
"10463",2019-11-02 09:00:00,75.95067,80.36639,78.26781,74.71687,75.58846,18.80446,18.4398,18.97053,19.04732,19.61159
"10464",2019-11-02 09:30:00,74.84802,79.51077,77.36311,74.01172,75.31602,18.84524,18.4139,18.96795,19.0239,19.49944
"10465",2019-11-02 10:00:00,74.07801,78.5214,76.4052,73.00352,73.99352,18.98091,18.58652,19.13647,19.21064,19.7346
"10466",2019-11-02 10:30:00,75.52376,80.20217,78.04879,74.58179,75.66994,18.8883,18.45323,19.02155,19.07578,19.61079
"10467",2019-11-02 11:00:00,73.44629,77.20188,74.11044,71.42031,70.71986,19.59739,19.37838,20.1891,20.1363,21.0833
"10468",2019-11-02 11:30:00,75.16513,79.48532,77.1466,73.70467,74.39355,19.21916,18.84103,19.4477,19.5182,20.11571
"10469",2019-11-02 12:00:00,71.69134,75.89069,73.44667,70.46489,71.08227,19.88144,19.50689,20.15238,20.19948,20.82194
"10470",2019-11-02 12:30:00,65.30328,68.46561,65.66779,64.21909,63.32836,21.16619,20.97769,21.76539,21.56461,22.57697
"10471",2019-11-02 13:00:00,73.1919,76.12424,76.67964,74.1828,72.73469,19.63751,19.62794,19.87207,19.91862,20.7679
"10472",2019-11-02 13:30:00,77.20523,81.90109,85.03614,89.89753,80.95473,19.62516,19.42451,19.48263,18.95591,20.73688
"10473",2019-11-02 14:00:00,66.62376,70.74779,70.61163,80.95901,69.97206,20.49067,20.14377,20.51884,19.43794,21.01807
"10474",2019-11-02 14:30:00,65.89879,70.17859,69.46416,78.84427,68.33018,20.41448,19.93437,20.32105,19.40587,20.79521
"10475",2019-11-02 15:00:00,67.15068,71.27672,70.28409,72.49934,68.37505,20.31101,19.87234,20.26736,19.81257,20.87484
"10476",2019-11-02 15:30:00,71.89143,75.96564,75.17207,72.30356,72.81972,19.17651,18.84078,19.17293,19.22426,19.77537
"10477",2019-11-02 16:00:00,74.57294,79.27151,78.00143,75.16375,76.72763,18.20822,17.76198,18.18989,18.208,18.62247
"10478",2019-11-02 16:30:00,73.72822,78.72909,77.34382,73.9761,74.89144,18.5542,18.00968,18.45152,18.57952,19.1132
"10479",2019-11-02 17:00:00,73.55467,79.10784,77.53247,74.01922,75.13518,18.60081,17.95877,18.41878,18.56846,19.04265
"10480",2019-11-02 17:30:00,72.36328,77.57817,76.01508,72.76168,73.97775,18.73111,18.14279,18.57735,18.68037,19.12407
"10481",2019-11-02 18:00:00,72.34892,77.47544,76.18217,72.79202,74.11984,18.58187,17.99572,18.3733,18.48687,18.8878
"10482",2019-11-02 18:30:00,69.9734,74.99764,73.70731,70.68025,72.09045,18.34871,17.76355,18.13427,18.22252,18.59283
"10483",2019-11-02 19:00:00,66.24815,70.90932,69.70475,67.12912,68.46585,18.27526,17.69992,18.06401,18.13173,18.47576
"10484",2019-11-02 19:30:00,64.96429,69.3047,68.22021,65.66926,66.81171,18.09288,17.55931,17.92012,18.00364,18.37347
"10485",2019-11-02 20:00:00,66.38094,70.81208,69.69769,66.92902,68.00477,17.85419,17.30986,17.68238,17.77802,18.17306
"10486",2019-11-02 20:30:00,67.40112,71.77191,70.7153,67.85075,69.07613,17.62383,17.11529,17.46371,17.54558,17.90684
"10487",2019-11-02 21:00:00,68.49837,72.83837,71.85543,68.91028,70.2665,17.27444,16.79086,17.10941,17.19154,17.52802
"10488",2019-11-02 21:30:00,70.79366,75.38235,74.20163,70.88635,72.17018,17.00296,16.49045,16.86519,16.97844,17.36482
"10489",2019-11-02 22:00:00,71.65309,76.36495,74.98974,71.63429,72.96684,16.78301,16.27632,16.66762,16.78609,17.17391
"10490",2019-11-02 22:30:00,73.01296,77.67795,76.37429,72.84805,74.18234,16.48228,16.00142,16.38079,16.49997,16.89348
"10491",2019-11-02 23:00:00,74.47621,79.38697,77.8606,74.22423,75.56232,16.22709,15.72105,16.14182,16.26514,16.68985
"10492",2019-11-02 23:30:00,75.5461,80.47708,78.86699,75.09819,76.43336,16.09045,15.60086,16.02774,16.15498,16.57857
"10493",2019-11-03 00:00:00,75.70732,80.70872,79.03564,75.23585,76.60858,16.02655,15.53477,15.96655,16.10511,16.52759
"10494",2019-11-03 00:30:00,75.86958,80.81732,79.1436,75.43782,76.86956,16.1254,15.63981,16.06799,16.17262,16.58479
"10495",2019-11-03 01:00:00,74.21162,79.22343,77.52763,74.07445,75.5114,16.21457,15.70613,16.12469,16.21331,16.60843
"10496",2019-11-03 01:30:00,73.97935,78.55621,77.10452,73.70604,75.13328,16.22576,15.79316,16.17307,16.23492,16.61514
"10497",2019-11-03 02:00:00,74.9168,79.6565,78.13887,74.6892,76.19436,16.21533,15.76547,16.15284,16.2173,16.60175
"10498",2019-11-03 02:30:00,73.6785,78.39896,76.83704,73.52861,74.99824,16.27406,15.81057,16.21015,16.27431,16.65849
"10499",2019-11-03 03:00:00,73.53522,78.14685,76.70693,73.27174,74.68161,16.31536,15.86105,16.24533,16.32576,16.70159
"10500",2019-11-03 03:30:00,74.83146,79.42173,77.95715,74.44097,75.95439,16.25805,15.82581,16.20652,16.2823,16.65438
"10501",2019-11-03 04:00:00,73.66826,78.09836,76.71326,73.35026,74.87961,16.35985,15.95407,16.31682,16.38112,16.73513
"10502",2019-11-03 04:30:00,74.89234,79.3765,77.9786,74.42327,75.94154,16.38276,15.97233,16.34122,16.41989,16.78691
"10503",2019-11-03 05:00:00,76.34864,80.94733,79.50576,75.86173,77.4677,16.25951,15.84813,16.2147,16.28156,16.64299
"10504",2019-11-03 05:30:00,77.19979,81.88808,80.351,76.60574,78.21,16.35696,15.93682,16.32174,16.39628,16.77316
"10505",2019-11-03 06:00:00,79.12746,83.89005,82.34706,78.38387,79.94646,16.25097,15.84552,16.23958,16.31342,16.70429
"10506",2019-11-03 06:30:00,80.45088,85.34139,83.77425,79.92337,81.96166,16.14039,15.72953,16.11837,16.1604,16.4899
"10507",2019-11-03 07:00:00,81.45773,86.57098,85.1547,81.39261,83.67491,16.05586,15.63143,16.01784,16.0103,16.30285
"10508",2019-11-03 07:30:00,81.99141,87.09006,85.63353,81.8709,84.40699,16.00732,15.58957,15.94671,15.93485,16.18955
"10509",2019-11-03 08:00:00,83.19615,88.27232,86.61988,82.78817,84.80335,16.04727,15.62588,16.03412,16.02984,16.40547
"10510",2019-11-03 08:30:00,83.35236,88.67477,87.0414,82.92776,84.52659,16.20334,15.77498,16.19679,16.2406,16.71162
"10511",2019-11-03 09:00:00,82.02789,87.43397,85.83876,82.58883,84.68456,16.41201,15.99484,16.41081,16.30601,16.75013
"10512",2019-11-03 09:30:00,75.37116,80.47527,78.61165,76.15741,78.04035,16.99932,16.5685,17.00201,16.92547,17.37392
"10513",2019-11-03 10:00:00,64.75829,68.95042,67.71993,65.96201,66.72755,17.57966,17.16393,17.53255,17.49596,18.08255
"10514",2019-11-03 10:30:00,47.26182,49.12234,48.30204,48.17823,45.39008,18.82484,18.71862,19.14589,19.18015,20.80567
"10515",2019-11-03 11:00:00,45.40661,46.60642,45.80723,45.63502,42.13942,18.82896,18.87233,19.37476,19.48011,21.36079
"10516",2019-11-03 11:30:00,45.23275,46.24093,45.41445,45.27259,41.77398,19.122,19.2026,19.74314,19.81204,21.66067
"10517",2019-11-03 12:00:00,47.26398,48.11589,47.0689,46.68022,43.4886,19.31373,19.48123,20.08292,20.18585,21.89168
"10518",2019-11-03 12:30:00,47.1999,48.33504,47.4124,46.66577,43.43125,19.28583,19.33353,19.88676,20.08157,21.81481
"10519",2019-11-03 13:00:00,47.65464,48.28293,47.16206,46.59243,42.74497,19.21762,19.45161,20.04526,20.15579,22.11344
"10520",2019-11-03 13:30:00,47.5175,48.12077,46.85505,46.26355,42.27861,19.45546,19.67758,20.32234,20.45043,22.47938
"10521",2019-11-03 14:00:00,47.14236,47.29336,46.0964,45.12254,40.57597,19.43431,19.83004,20.41549,20.73861,23.03828
"10522",2019-11-03 14:30:00,46.1643,45.71253,44.99482,44.14657,39.40565,19.54211,20.15025,20.57528,20.85824,23.22855
"10523",2019-11-03 15:00:00,47.35673,47.2135,46.73657,45.6414,41.6879,19.21275,19.69614,20.00995,20.33904,22.30089
"10524",2019-11-03 15:30:00,47.45327,47.11656,46.81432,45.52735,41.86329,19.61919,20.16673,20.38472,20.76048,22.59125
"10525",2019-11-03 16:00:00,48.50436,48.53139,48.84666,47.10439,43.53947,19.56429,19.94685,19.92853,20.373,22.09079
"10526",2019-11-03 16:30:00,49.22633,49.91351,50.46122,48.76458,46.52896,19.34952,19.48678,19.37461,19.72668,20.88992
"10527",2019-11-03 17:00:00,51.38304,52.84068,54.14835,52.97535,52.80177,18.90015,18.8062,18.48442,18.51057,19.00005
"10528",2019-11-03 17:30:00,55.11668,58.39959,58.16294,56.4754,56.57327,18.01216,17.44246,17.6875,17.81569,18.30462
"10529",2019-11-03 18:00:00,56.36916,60.39239,59.22795,57.41626,57.6346,17.85826,17.14344,17.61763,17.73518,18.21399
"10530",2019-11-03 18:30:00,56.73413,60.42393,59.1666,57.28149,57.56144,18.02131,17.38884,17.85228,17.97088,18.40561
"10531",2019-11-03 19:00:00,57.27642,61.21983,59.94859,57.93289,58.1092,18.03129,17.36324,17.834,17.97786,18.46743
"10532",2019-11-03 19:30:00,60.07946,63.88702,62.6085,60.32822,60.65173,17.97533,17.38428,17.83356,17.94157,18.39439
"10533",2019-11-03 20:00:00,62.26147,65.90332,64.64684,62.21289,62.72637,17.82708,17.34431,17.74102,17.83792,18.25709
"10534",2019-11-03 20:30:00,63.88375,67.44624,66.20275,63.70972,64.35976,17.5067,17.07561,17.457,17.52814,17.93326
"10535",2019-11-03 21:00:00,65.53648,69.2998,68.00763,65.30477,66.01237,17.2521,16.79886,17.19831,17.28757,17.70256
"10536",2019-11-03 21:30:00,67.58155,71.68557,70.35135,67.33547,68.06763,17.04465,16.544,16.94708,17.05558,17.48355
"10537",2019-11-03 22:00:00,70.12899,74.66366,73.23257,69.99519,71.00604,16.80786,16.25867,16.67995,16.78406,17.19048
"10538",2019-11-03 22:30:00,71.23957,75.83899,74.25832,70.87447,71.86378,16.71707,16.19356,16.6215,16.73793,17.15636
"10539",2019-11-03 23:00:00,73.2583,77.80089,76.17211,72.57736,73.70042,16.67691,16.19764,16.62731,16.74627,17.15654
"10540",2019-11-03 23:30:00,75.13972,79.80467,78.28362,74.35715,75.5009,16.31664,15.8288,16.23444,16.38005,16.79227
"10541",2019-11-04 00:00:00,77.68476,82.73901,81.63011,77.20388,78.51563,15.73432,15.12276,15.49712,15.68213,16.0829
"10542",2019-11-04 00:30:00,78.43763,84.47961,82.26741,77.92373,79.31902,15.75369,15.05639,15.57808,15.75477,16.17676
"10543",2019-11-04 01:00:00,78.61645,84.05701,82.01325,77.79042,79.26273,15.86207,15.29669,15.77889,15.93045,16.33803
"10544",2019-11-04 01:30:00,78.91155,84.20212,82.2074,77.99622,79.40743,15.99632,15.46485,15.93998,16.08319,16.50138
"10545",2019-11-04 02:00:00,78.9807,84.19816,82.17076,78.04106,79.48972,16.07794,15.57203,16.04071,16.17204,16.58486
"10546",2019-11-04 02:30:00,81.04566,85.96903,84.44083,79.88575,81.34713,15.81054,15.35384,15.7995,15.95069,16.35518
"10547",2019-11-04 03:00:00,85.21593,90.61208,88.86521,84.06155,85.91154,15.19997,14.70802,15.1763,15.32377,15.7065
"10548",2019-11-04 03:30:00,84.64729,90.43793,88.1103,83.37581,85.20972,15.22142,14.6962,15.17994,15.34079,15.73195
"10549",2019-11-04 04:00:00,83.93691,90.04598,87.74287,83.02673,84.70854,15.22344,14.59969,15.11428,15.2814,15.71946
"10550",2019-11-04 04:30:00,82.20316,88.48671,85.76826,81.38404,82.92162,15.32198,14.72037,15.24723,15.39046,15.82688
"10551",2019-11-04 05:00:00,80.66108,86.2235,84.06219,79.87356,81.58333,15.38115,14.85764,15.31625,15.42924,15.80979
"10552",2019-11-04 05:30:00,80.3882,85.84269,83.85242,79.60299,81.17435,15.43375,14.92571,15.38702,15.50264,15.90215
"10553",2019-11-04 06:00:00,87.09652,91.94667,91.05841,86.04945,87.98185,14.57259,14.14439,14.57109,14.67133,15.02491
"10554",2019-11-04 06:30:00,87.96392,94.17408,92.43539,87.68251,90.16927,14.58488,14.01354,14.49781,14.60447,14.9403
"10555",2019-11-04 07:00:00,89.50619,95.13148,93.7308,88.69459,91.08121,14.39902,13.91929,14.39141,14.51305,14.84504
"10556",2019-11-04 07:30:00,91.52316,96.61588,95.8112,90.4069,92.80231,14.21607,13.73641,14.22112,14.36576,14.7256
"10557",2019-11-04 08:00:00,91.49473,97.32229,96.14067,90.59629,92.97155,14.49694,13.81974,14.39269,14.60737,15.01453
"10558",2019-11-04 08:30:00,89.15118,97.3429,94.58097,89.28621,91.46349,14.83405,14.03113,14.66162,14.89184,15.30521
"10559",2019-11-04 09:00:00,86.70741,95.81758,91.70346,87.33868,89.35937,15.28888,14.52199,15.20977,15.33651,15.78262
"10560",2019-11-04 09:30:00,82.88593,90.08048,86.68816,83.2976,85.29233,15.85017,15.28543,15.90716,15.91931,16.37284
"10561",2019-11-04 10:00:00,74.95852,79.82354,76.59814,74.77614,74.00623,17.51972,17.19839,17.93973,17.73016,18.75138
"10562",2019-11-04 10:30:00,74.96747,79.67927,77.65994,74.35014,75.04713,17.14315,16.75707,17.29966,17.37484,17.9812
"10563",2019-11-04 11:00:00,71.18352,75.40296,72.80409,70.41145,70.10702,17.85731,17.54387,18.24368,18.19822,19.06482
"10564",2019-11-04 11:30:00,68.10638,71.88767,69.91738,67.53542,67.55132,18.08179,17.76586,18.34717,18.3678,19.06301
"10565",2019-11-04 12:00:00,66.97311,70.71262,68.70536,66.33809,66.58758,18.39291,18.06008,18.6764,18.7059,19.35027
"10566",2019-11-04 12:30:00,70.12595,73.97298,72.1992,69.20746,69.79625,17.8905,17.55928,18.10559,18.19905,18.76429
"10567",2019-11-04 13:00:00,70.92513,74.7511,72.65459,70.14325,70.76942,18.07658,17.79728,18.43618,18.42602,19.06731
"10568",2019-11-04 13:30:00,66.77151,69.93391,67.90166,65.50904,65.16411,18.80698,18.59668,19.18977,19.22792,19.99788
"10569",2019-11-04 14:00:00,62.42376,66.00727,64.61913,62.36297,62.94587,19.09905,18.67145,19.1247,19.20073,19.66316
"10570",2019-11-04 14:30:00,65.26304,68.8821,67.74704,65.18565,65.97801,18.76361,18.38408,18.79335,18.85933,19.31776
"10571",2019-11-04 15:00:00,71.28045,75.41642,74.29419,71.14845,72.60266,17.75232,17.34924,17.78899,17.85463,18.21276
"10572",2019-11-04 15:30:00,79.70258,84.63253,83.46284,79.22453,81.12801,16.60706,16.15835,16.62923,16.7648,17.13128
"10573",2019-11-04 16:00:00,82.06199,88.17776,86.44662,82.51199,85.37214,16.39968,15.77735,16.29933,16.36318,16.62155
"10574",2019-11-04 16:30:00,81.40166,87.0803,85.45184,81.38058,84.17532,16.4162,15.90366,16.3585,16.44774,16.70547
"10575",2019-11-04 17:00:00,87.18133,92.30854,91.49487,86.45182,89.00784,15.39767,14.99193,15.40559,15.51124,15.80588
"10576",2019-11-04 17:30:00,87.21341,93.24262,92.31815,87.44534,90.47785,14.95805,14.42038,14.83773,14.95751,15.19066
"10577",2019-11-04 18:00:00,87.18768,93.52354,92.20587,87.43484,90.26887,14.87976,14.31652,14.72991,14.8506,15.13059
"10578",2019-11-04 18:30:00,87.24915,93.48322,91.78177,87.15785,89.98672,14.69055,14.14401,14.56148,14.65216,14.92703
"10579",2019-11-04 19:00:00,85.23367,91.9621,89.53706,85.40914,88.29166,14.94394,14.34807,14.82383,14.8939,15.18277
"10580",2019-11-04 19:30:00,82.27999,88.72571,86.7645,82.89094,86.04063,14.96346,14.36305,14.74842,14.78098,14.96634
"10581",2019-11-04 20:00:00,77.42455,83.14046,81.54684,78.27062,81.55656,14.8595,14.32816,14.67619,14.69656,14.84504
"10582",2019-11-04 20:30:00,76.50063,81.71975,80.46519,76.83211,79.12073,14.71752,14.22228,14.5546,14.61596,14.87775
"10583",2019-11-04 21:00:00,78.00455,83.44369,82.10952,78.2947,80.34554,14.30631,13.76968,14.13255,14.20622,14.52561
"10584",2019-11-04 21:30:00,76.07667,81.45107,79.731,76.31578,78.15409,14.21128,13.69829,14.09247,14.14677,14.50397
"10585",2019-11-04 22:00:00,73.94104,78.98228,77.65874,74.39774,76.13979,13.70233,13.21194,13.55517,13.60764,13.94903
"10586",2019-11-04 22:30:00,75.91314,81.14676,79.80009,76.21793,77.86704,13.24566,12.71959,13.10025,13.17018,13.53808
"10587",2019-11-04 23:00:00,77.3296,82.65001,81.06518,77.34695,78.87258,13.0473,12.53052,12.95641,13.03074,13.4503
"10588",2019-11-04 23:30:00,78.98637,84.53076,82.80465,78.96229,80.53879,12.83185,12.30735,12.74975,12.8316,13.25999
"10589",2019-11-05 00:00:00,78.99355,84.54547,82.75882,78.83977,80.27039,12.67511,12.14571,12.59474,12.69991,13.15609
"10590",2019-11-05 00:30:00,80.18085,86.05173,84.37218,80.18629,81.66645,12.28826,11.69429,12.12586,12.24217,12.67816
"10591",2019-11-05 01:00:00,81.42235,87.42079,85.64977,81.38046,83.05693,11.88102,11.28144,11.71749,11.82305,12.22411
"10592",2019-11-05 01:30:00,81.53527,87.54377,85.49317,81.35558,83.07346,11.83368,11.26976,11.72301,11.8137,12.21
"10593",2019-11-05 02:00:00,80.39498,86.54581,84.49631,80.65966,82.68359,11.79112,11.20801,11.6455,11.71477,12.07124
"10594",2019-11-05 02:30:00,77.48576,83.24157,81.28281,77.63408,79.34934,11.88689,11.33418,11.77275,11.85039,12.23258
"10595",2019-11-05 03:00:00,77.3895,83.10155,81.49173,77.76604,79.52663,11.48065,10.92839,11.30061,11.38187,11.72941
"10596",2019-11-05 03:30:00,76.90866,82.77631,81.29403,77.61879,79.46275,11.06657,10.47374,10.84082,10.91402,11.24405
"10597",2019-11-05 04:00:00,77.89399,83.54395,82.06588,78.27062,80.28162,10.7138,10.16317,10.52403,10.59288,10.89002
"10598",2019-11-05 04:30:00,78.96889,84.72092,83.10471,79.15919,81.17774,10.62697,10.06407,10.44686,10.52081,10.81598
"10599",2019-11-05 05:00:00,78.95387,84.84274,83.10889,79.26106,81.35118,10.66674,10.098,10.49374,10.57023,10.88041
"10600",2019-11-05 05:30:00,78.6279,84.27551,82.6669,78.64816,80.50578,10.60966,10.06628,10.44515,10.54703,10.8693
"10601",2019-11-05 06:00:00,81.25002,86.95524,85.67575,81.11506,82.92922,10.19043,9.576569,9.96723,10.09763,10.4315
"10602",2019-11-05 06:30:00,83.42345,89.68432,88.13449,83.30693,85.05108,10.08638,9.365035,9.842589,10.0056,10.40426
"10603",2019-11-05 07:00:00,83.47718,90.57835,87.92911,83.08961,84.56659,10.36649,9.595268,10.20823,10.41348,10.90145
"10604",2019-11-05 07:30:00,82.57438,89.65205,87.12225,82.82214,84.07413,10.71499,10.04548,10.52737,10.6192,11.16316
"10605",2019-11-05 08:00:00,80.26852,85.84137,83.27625,80.42165,80.93402,11.34491,10.98946,11.46017,11.36796,12.11157
"10606",2019-11-05 08:30:00,77.9712,82.10972,79.76109,76.85505,75.81517,11.82628,11.65958,12.20239,12.16902,13.17183
"10607",2019-11-05 09:00:00,78.29386,82.68562,80.7179,77.32655,77.1296,11.84857,11.55741,12.09066,12.15321,12.96764
"10608",2019-11-05 09:30:00,75.36223,79.84448,76.8662,74.24174,73.29586,12.82432,12.55176,13.27123,13.25979,14.2859
"10609",2019-11-05 10:00:00,70.44737,74.04275,71.20082,69.42522,67.22639,14.11587,14.01511,14.70315,14.57459,15.88581
"10610",2019-11-05 10:30:00,66.89785,69.75702,67.62947,66.76054,64.37955,14.71775,14.6762,15.31438,15.00249,16.32597
"10611",2019-11-05 11:00:00,64.2598,66.19724,64.63873,63.36914,59.73881,15.70564,15.85473,16.3797,16.22727,17.91312
"10612",2019-11-05 11:30:00,63.52401,65.31763,63.74673,62.81363,59.32256,15.87126,16.03717,16.57014,16.36073,18.01392
"10613",2019-11-05 12:00:00,61.06863,62.79277,61.52649,60.17977,57.80955,16.40755,16.58214,17.03036,17.00387,18.33923
"10614",2019-11-05 12:30:00,61.84054,64.2856,63.63632,61.21122,59.27155,15.97106,15.92102,16.22031,16.4251,17.68468
"10615",2019-11-05 13:00:00,54.36119,55.01095,54.60612,53.54492,49.38915,17.61603,18.00609,18.24159,18.33396,20.32081
"10616",2019-11-05 13:30:00,53.04911,54.49533,54.09129,52.64639,50.11404,17.17146,17.24222,17.50958,17.68747,19.0436
"10617",2019-11-05 14:00:00,52.79436,53.84246,52.901,52.16309,49.80384,17.02511,17.2272,17.64281,17.62359,18.94763
"10618",2019-11-05 14:30:00,51.12665,50.00224,49.18932,48.95056,43.84945,17.94586,18.90215,19.29318,19.18036,21.60337
"10619",2019-11-05 15:00:00,49.27972,48.55125,48.27836,47.87744,43.94451,18.18898,18.92274,19.11512,19.09863,20.99608
"10620",2019-11-05 15:30:00,48.31396,48.83869,48.75546,48.06535,46.01507,18.14238,18.40537,18.56712,18.64858,19.77038
"10621",2019-11-05 16:00:00,46.64234,47.45401,47.66225,46.62746,44.58009,18.13983,18.22665,18.30072,18.57319,19.70462
"10622",2019-11-05 16:30:00,47.35028,49.15837,49.02823,48.49866,47.88746,17.72623,17.4571,17.63189,17.6277,18.19218
"10623",2019-11-05 17:00:00,47.26217,48.4423,50.19582,49.4406,49.22416,17.99492,17.9361,17.39568,17.42064,17.86699
"10624",2019-11-05 17:30:00,50.91581,53.20453,53.64262,52.34677,52.17671,16.87566,16.49327,16.47924,16.58581,17.05527
"10625",2019-11-05 18:00:00,54.59201,57.96046,57.54086,56.04216,56.57806,15.92542,15.33277,15.57641,15.61623,15.93762
"10626",2019-11-05 18:30:00,56.70905,60.25864,59.69145,58.03411,58.75234,15.30747,14.71832,14.98666,15.01104,15.31145
"10627",2019-11-05 19:00:00,57.54559,61.31561,60.62126,58.8395,59.60657,15.0197,14.39271,14.68465,14.72076,15.01639
"10628",2019-11-05 19:30:00,60.53141,65.05921,64.04095,61.85377,62.71257,14.45186,13.69443,14.06451,14.12142,14.43098
"10629",2019-11-05 20:00:00,61.57221,66.5014,65.67834,63.35673,64.46604,14.16375,13.36018,13.69515,13.7781,14.0645
"10630",2019-11-05 20:30:00,63.65212,68.19309,67.4253,64.90517,66.17311,13.57324,12.93101,13.21834,13.28756,13.54775
"10631",2019-11-05 21:00:00,63.28511,67.71815,66.5363,64.22018,65.49806,13.66182,13.05927,13.42263,13.46496,13.73125
"10632",2019-11-05 21:30:00,60.9892,64.8767,63.63928,61.46581,62.40878,14.06499,13.54128,13.92173,13.99991,14.30751
"10633",2019-11-05 22:00:00,60.18317,63.85242,62.7773,60.77096,61.52512,14.20521,13.70697,14.05649,14.11032,14.43909
"10634",2019-11-05 22:30:00,61.02785,64.77287,63.83749,61.738,62.68026,13.98274,13.47841,13.78589,13.82299,14.10761
"10635",2019-11-05 23:00:00,61.39407,65.2778,64.37617,62.32983,63.48354,13.80886,13.28936,13.58306,13.59774,13.84448
"10636",2019-11-05 23:30:00,58.81488,62.54165,61.56174,59.8341,60.85218,13.87309,13.34511,13.65983,13.66367,13.90567
"10637",2019-11-06 00:00:00,62.03877,66.19153,65.80733,63.29986,64.30897,13.3538,12.71929,12.95726,13.04385,13.31717
"10638",2019-11-06 00:30:00,66.99651,71.30119,70.3884,67.64522,68.90432,12.24973,11.74665,12.03985,12.08536,12.3806
"10639",2019-11-06 01:00:00,60.53413,65.05724,63.56901,61.94524,63.41049,12.86659,12.19353,12.611,12.56477,12.769
"10640",2019-11-06 01:30:00,59.48048,63.04985,62.64243,60.36043,61.18773,13.13666,12.5764,12.81867,12.90792,13.16661
"10641",2019-11-06 02:00:00,70.08578,74.74117,74.02197,70.59332,71.75227,11.21439,10.65776,10.94038,11.05862,11.40959
"10642",2019-11-06 02:30:00,69.72582,74.96876,73.62079,70.50878,71.98455,11.22414,10.57125,10.94008,11.01342,11.30468
"10643",2019-11-06 03:00:00,66.87841,72.41332,70.7111,68.10709,69.81427,11.47489,10.74441,11.16138,11.19824,11.42231
"10644",2019-11-06 03:30:00,65.13848,70.54334,69.26269,66.79523,68.30362,11.57307,10.82647,11.18303,11.22396,11.46865
"10645",2019-11-06 04:00:00,63.53721,68.66602,67.38133,65.09134,66.54082,11.69699,10.94734,11.32754,11.35301,11.57892
"10646",2019-11-06 04:30:00,67.53683,72.56528,71.34822,68.53845,69.90797,11.07824,10.43475,10.79064,10.84547,11.12994
"10647",2019-11-06 05:00:00,68.64837,74.01109,72.9397,69.97252,71.45122,10.69399,10.00223,10.3319,10.39279,10.6738
"10648",2019-11-06 05:30:00,67.92634,73.93463,72.88044,69.88631,71.49751,10.6258,9.739731,10.08428,10.16768,10.42907
"10649",2019-11-06 06:00:00,74.24949,79.4894,79.95703,75.4962,76.28546,9.164518,8.414887,8.649685,8.880147,9.364949
"10650",2019-11-06 06:30:00,81.9513,87.48232,86.84196,81.64878,82.33192,7.790993,7.059049,7.533251,7.764789,8.322652
"10651",2019-11-06 07:00:00,82.78006,89.6698,87.74434,82.92072,83.79234,7.840944,7.020862,7.589126,7.763134,8.347998
"10652",2019-11-06 07:30:00,83.08899,90.00851,88.23839,83.36404,84.37077,8.022449,7.175411,7.740419,7.94744,8.487446
"10653",2019-11-06 08:00:00,82.34455,89.70624,87.84,82.8568,83.94039,8.352488,7.35055,8.039639,8.304194,8.862487
"10654",2019-11-06 08:30:00,80.76738,89.4394,85.11902,80.75021,81.09236,9.159713,8.32436,8.993127,9.192163,10.02917
"10655",2019-11-06 09:00:00,75.42451,83.77893,79.799,75.60218,74.88503,10.61899,9.88104,10.36153,10.60853,11.531
"10656",2019-11-06 09:30:00,76.19816,82.43107,80.01649,75.64783,74.8076,10.4252,9.850312,10.29647,10.60525,11.63191
"10657",2019-11-06 10:00:00,73.23926,78.87071,76.81761,72.83187,70.51991,11.2811,10.76902,11.19729,11.4764,12.88257
"10658",2019-11-06 10:30:00,70.40708,75.28128,73.75906,70.16319,67.66075,12.11099,11.69736,12.00402,12.2634,13.6793
"10659",2019-11-06 11:00:00,66.65036,71.12475,70.0733,66.85223,63.71104,12.99362,12.58718,12.77005,13.02056,14.64439
"10660",2019-11-06 11:30:00,62.41677,65.79204,65.0895,62.51492,58.6453,14.21968,14.0186,14.11943,14.34963,16.28226
"10661",2019-11-06 12:00:00,54.50967,56.77985,56.08831,54.74968,50.33684,16.58661,16.545,16.67829,16.82613,18.91
"10662",2019-11-06 12:30:00,53.30477,54.30665,55.30592,53.41753,50.08804,16.91317,17.23032,16.95644,17.29005,18.99522
"10663",2019-11-06 13:00:00,49.34504,49.85579,51.08232,49.30767,46.14105,17.97233,18.39387,17.87866,18.30343,19.8954
"10664",2019-11-06 13:30:00,48.60903,49.60217,50.66703,49.0454,46.68618,17.58112,17.71838,17.47983,17.88979,19.21058
"10665",2019-11-06 14:00:00,47.75682,49.21979,49.18229,48.43179,46.90473,17.21358,17.12886,17.30168,17.37222,18.26999
"10666",2019-11-06 14:30:00,48.21605,48.93199,48.01894,47.88898,45.42737,17.30758,17.50599,17.98479,17.85793,19.15817
"10667",2019-11-06 15:00:00,49.61951,51.42449,50.79584,50.07174,48.93663,16.82362,16.6302,16.99758,17.02177,17.80574
"10668",2019-11-06 15:30:00,49.80742,52.15066,51.38385,50.52647,50.04106,16.56771,16.19389,16.59151,16.62997,17.17649
"10669",2019-11-06 16:00:00,49.78606,52.18304,51.36377,50.52443,50.11236,16.57623,16.18333,16.57989,16.60511,17.13136
"10670",2019-11-06 16:30:00,50.48264,52.78233,51.94109,50.96959,50.35205,16.71241,16.36338,16.78223,16.8347,17.45495
"10671",2019-11-06 17:00:00,54.02921,56.89355,55.97572,54.38094,53.97672,16.27913,15.83834,16.23219,16.36728,16.95604
"10672",2019-11-06 17:30:00,55.54358,58.95656,57.8623,56.03224,55.98027,15.84673,15.28318,15.70969,15.86058,16.36074
"10673",2019-11-06 18:00:00,57.01431,60.89753,59.8757,57.73425,57.87393,15.63204,14.95875,15.41045,15.61751,16.10553
"10674",2019-11-06 18:30:00,57.78555,62.09143,60.80082,58.48426,58.77554,15.48904,14.75234,15.23891,15.46373,15.94808
"10675",2019-11-06 19:00:00,58.92233,63.53088,62.37967,59.94083,60.29609,15.35286,14.56165,15.06032,15.31129,15.83168
"10676",2019-11-06 19:30:00,60.99612,65.63438,65.15691,62.43649,62.86336,14.96959,14.18525,14.54076,14.77879,15.26532
"10677",2019-11-06 20:00:00,64.12735,69.33443,69,66.1865,67.18388,14.2097,13.36485,13.63018,13.78667,14.19022
"10678",2019-11-06 20:30:00,68.14105,73.1116,71.72045,68.60339,69.6225,14.34083,13.65437,14.08935,14.18114,14.55899
"10679",2019-11-06 21:00:00,73.75838,78.84193,77.54553,73.57327,74.10262,14.08583,13.45332,13.89246,14.07556,14.63307
"10680",2019-11-06 21:30:00,78.95321,84.22117,83.85683,79.28938,80.10197,13.65078,13.04558,13.46574,13.64662,14.19518
"10681",2019-11-06 22:00:00,83.56178,88.99725,88.43613,83.52756,84.63801,13.1959,12.55348,13.04337,13.22818,13.783
"10682",2019-11-06 22:30:00,84.55485,91.18427,89.39404,84.37111,85.11848,13.2678,12.42512,13.0687,13.28827,13.92907
"10683",2019-11-06 23:00:00,85.50346,92.33717,90.27457,84.95054,85.67592,13.26606,12.45248,13.10632,13.34902,13.97232
"10684",2019-11-06 23:30:00,89.18179,94.53958,93.80009,88.19762,89.42641,13.1295,12.53504,13.08435,13.28208,13.78288
"10685",2019-11-07 00:00:00,91.1534,96.1781,95.66501,90.01028,91.72181,12.99594,12.43026,12.97046,13.17589,13.63295
"10686",2019-11-07 00:30:00,91.71666,97.02756,96.37335,90.68015,92.40401,13.02764,12.38474,12.98374,13.19865,13.68304
"10687",2019-11-07 01:00:00,92.14182,97.60609,96.72807,91.13665,92.86994,13.0388,12.3942,13.0013,13.20452,13.68682
"10688",2019-11-07 01:30:00,92.30297,98.02093,96.96095,91.44434,93.19994,13.06431,12.39816,12.99936,13.22137,13.66133
"10689",2019-11-07 02:00:00,92.66635,98.34596,97.20791,91.755,93.56657,13.09666,12.4003,13.03865,13.28841,13.7215
"10690",2019-11-07 02:30:00,92.73145,98.6134,97.34525,91.98608,93.73112,13.19754,12.48598,13.13072,13.35579,13.79355
"10691",2019-11-07 03:00:00,92.75756,98.81587,97.43401,92.21143,93.87089,13.36727,12.61988,13.28876,13.5158,13.96722
"10692",2019-11-07 03:30:00,92.62041,98.97836,97.39807,92.14189,93.75589,13.495,12.71987,13.40469,13.65912,14.13478
"10693",2019-11-07 04:00:00,92.91444,99.22636,97.59376,92.38477,94.10167,13.49432,12.84133,13.46331,13.64097,14.05428
"10694",2019-11-07 04:30:00,93.22235,99.3952,97.75052,92.66067,94.54124,13.57054,12.97558,13.55557,13.72268,14.09419
"10695",2019-11-07 05:00:00,93.12446,99.50233,97.66673,92.62199,94.48758,13.68536,13.03703,13.62461,13.80738,14.1747
"10696",2019-11-07 05:30:00,92.80538,99.61173,97.58315,92.44412,94.4938,13.5734,12.91976,13.43636,13.60865,13.89281
"10697",2019-11-07 06:00:00,92.16016,99.67886,97.40823,92.44652,94.70727,13.5294,12.84261,13.32573,13.45213,13.69744
